"사망원인별(50항목)","시군구별","성별",2019,2019,2019
"사망원인별(50항목)","시군구별","성별",사망자수 (명),사망률 (십만명당),연령표준화 사망률 (십만명당)
"계","전국","계",295110,574.8,305.4
"계","전국","남자",160322,626.0,418.4
"계","전국","여자",134788,523.9,214.1
"계","서울특별시","계",43829,457.6,263.6
"계","서울특별시","남자",24859,531.7,360.3
"계","서울특별시","여자",18970,386.9,184.4
"계","부산광역시","계",22260,656.6,331.9
"계","부산광역시","남자",12198,732.5,450.4
"계","부산광역시","여자",10062,583.4,234.7
"계","대구광역시","계",13752,565.7,311.4
"계","대구광역시","남자",7509,624.7,428.4
"계","대구광역시","여자",6243,508.0,217.5
"계","인천광역시","계",15131,516.9,319.1
"계","인천광역시","남자",8322,567.6,435.4
"계","인천광역시","여자",6809,466.0,225.6
"계","광주광역시","계",7635,527.0,318.5
"계","광주광역시","남자",4019,560.6,429.3
"계","광주광역시","여자",3616,494.1,230.8
"계","대전광역시","계",7502,509.7,307.9
"계","대전광역시","남자",4061,553.0,413.8
"계","대전광역시","여자",3441,466.6,222.5
"계","울산광역시","계",5268,459.8,332.1
"계","울산광역시","남자",2889,491.1,452.4
"계","울산광역시","여자",2379,426.8,239.6
"계","세종특별자치시","계",1221,374.3,285.3
"계","세종특별자치시","남자",625,384.0,376.2
"계","세종특별자치시","여자",596,364.6,213.4
"계","경기도","계",60568,464.3,292.6
"계","경기도","남자",33192,506.1,392.3
"계","경기도","여자",27376,422.1,210.6
"계","강원도","계",11906,778.9,337.1
"계","강원도","남자",6646,863.9,476.3
"계","강원도","여자",5260,692.7,222.3
"계","충청북도","계",11363,714.9,335.8
"계","충청북도","남자",6095,757.9,459.5
"계","충청북도","여자",5268,671.0,233.8
"계","충청남도","계",15596,738.9,323.7
"계","충청남도","남자",8350,777.1,442.1
"계","충청남도","여자",7246,699.4,223.4
"계","전라북도","계",14525,799.8,321.7
"계","전라북도","남자",7624,844.3,447.5
"계","전라북도","여자",6901,755.9,220.8
"계","전라남도","계",16787,900.9,327.3
"계","전라남도","남자",8835,945.4,469.6
"계","전라남도","여자",7952,856.2,212.2
"계","경상북도","계",21703,817.8,328.2
"계","경상북도","남자",11389,852.7,454.9
"계","경상북도","여자",10314,782.4,227.7
"계","경상남도","계",22105,660.2,329.8
"계","경상남도","남자",11587,688.0,459.6
"계","경상남도","여자",10518,632.1,230.2
"계","제주도","계",3959,596.7,321.9
"계","제주도","남자",2122,635.5,448.5
"계","제주도","여자",1837,557.3,214.7
"특정 감염성 및 기생충성 질환 (A00-B99)","전국","계",8692,16.9,8.2
"특정 감염성 및 기생충성 질환 (A00-B99)","전국","남자",4103,16.0,10.4
"특정 감염성 및 기생충성 질환 (A00-B99)","전국","여자",4589,17.8,6.4
"특정 감염성 및 기생충성 질환 (A00-B99)","서울특별시","계",1143,11.9,6.5
"특정 감염성 및 기생충성 질환 (A00-B99)","서울특별시","남자",614,13.1,8.8
"특정 감염성 및 기생충성 질환 (A00-B99)","서울특별시","여자",529,10.8,4.6
"특정 감염성 및 기생충성 질환 (A00-B99)","부산광역시","계",536,15.8,7.8
"특정 감염성 및 기생충성 질환 (A00-B99)","부산광역시","남자",264,15.9,10.0
"특정 감염성 및 기생충성 질환 (A00-B99)","부산광역시","여자",272,15.8,5.9
"특정 감염성 및 기생충성 질환 (A00-B99)","대구광역시","계",394,16.2,8.4
"특정 감염성 및 기생충성 질환 (A00-B99)","대구광역시","남자",194,16.1,10.8
"특정 감염성 및 기생충성 질환 (A00-B99)","대구광역시","여자",200,16.3,6.2
"특정 감염성 및 기생충성 질환 (A00-B99)","인천광역시","계",411,14.0,8.2
"특정 감염성 및 기생충성 질환 (A00-B99)","인천광역시","남자",208,14.2,10.5
"특정 감염성 및 기생충성 질환 (A00-B99)","인천광역시","여자",203,13.9,6.2
"특정 감염성 및 기생충성 질환 (A00-B99)","광주광역시","계",280,19.3,11.1
"특정 감염성 및 기생충성 질환 (A00-B99)","광주광역시","남자",129,18.0,13.8
"특정 감염성 및 기생충성 질환 (A00-B99)","광주광역시","여자",151,20.6,8.8
"특정 감염성 및 기생충성 질환 (A00-B99)","대전광역시","계",228,15.5,8.7
"특정 감염성 및 기생충성 질환 (A00-B99)","대전광역시","남자",109,14.8,10.9
"특정 감염성 및 기생충성 질환 (A00-B99)","대전광역시","여자",119,16.1,6.8
"특정 감염성 및 기생충성 질환 (A00-B99)","울산광역시","계",121,10.6,7.3
"특정 감염성 및 기생충성 질환 (A00-B99)","울산광역시","남자",59,10.0,9.2
"특정 감염성 및 기생충성 질환 (A00-B99)","울산광역시","여자",62,11.1,6.1
"특정 감염성 및 기생충성 질환 (A00-B99)","세종특별자치시","계",30,9.2,6.9
"특정 감염성 및 기생충성 질환 (A00-B99)","세종특별자치시","남자",12,7.4,7.8
"특정 감염성 및 기생충성 질환 (A00-B99)","세종특별자치시","여자",18,11.0,5.3
"특정 감염성 및 기생충성 질환 (A00-B99)","경기도","계",1600,12.3,7.2
"특정 감염성 및 기생충성 질환 (A00-B99)","경기도","남자",776,11.8,9.0
"특정 감염성 및 기생충성 질환 (A00-B99)","경기도","여자",824,12.7,5.8
"특정 감염성 및 기생충성 질환 (A00-B99)","강원도","계",393,25.7,9.3
"특정 감염성 및 기생충성 질환 (A00-B99)","강원도","남자",190,24.7,12.3
"특정 감염성 및 기생충성 질환 (A00-B99)","강원도","여자",203,26.7,7.1
"특정 감염성 및 기생충성 질환 (A00-B99)","충청북도","계",422,26.6,11.0
"특정 감염성 및 기생충성 질환 (A00-B99)","충청북도","남자",205,25.5,14.6
"특정 감염성 및 기생충성 질환 (A00-B99)","충청북도","여자",217,27.6,8.2
"특정 감염성 및 기생충성 질환 (A00-B99)","충청남도","계",474,22.5,8.6
"특정 감염성 및 기생충성 질환 (A00-B99)","충청남도","남자",226,21.0,11.1
"특정 감염성 및 기생충성 질환 (A00-B99)","충청남도","여자",248,23.9,6.6
"특정 감염성 및 기생충성 질환 (A00-B99)","전라북도","계",519,28.6,9.3
"특정 감염성 및 기생충성 질환 (A00-B99)","전라북도","남자",225,24.9,11.8
"특정 감염성 및 기생충성 질환 (A00-B99)","전라북도","여자",294,32.2,7.3
"특정 감염성 및 기생충성 질환 (A00-B99)","전라남도","계",622,33.4,10.6
"특정 감염성 및 기생충성 질환 (A00-B99)","전라남도","남자",262,28.0,13.0
"특정 감염성 및 기생충성 질환 (A00-B99)","전라남도","여자",360,38.8,8.5
"특정 감염성 및 기생충성 질환 (A00-B99)","경상북도","계",674,25.4,8.7
"특정 감염성 및 기생충성 질환 (A00-B99)","경상북도","남자",254,19.0,9.5
"특정 감염성 및 기생충성 질환 (A00-B99)","경상북도","여자",420,31.9,7.8
"특정 감염성 및 기생충성 질환 (A00-B99)","경상남도","계",736,22.0,9.9
"특정 감염성 및 기생충성 질환 (A00-B99)","경상남도","남자",329,19.5,12.6
"특정 감염성 및 기생충성 질환 (A00-B99)","경상남도","여자",407,24.5,7.8
"특정 감염성 및 기생충성 질환 (A00-B99)","제주도","계",109,16.4,8.0
"특정 감염성 및 기생충성 질환 (A00-B99)","제주도","남자",47,14.1,10.0
"특정 감염성 및 기생충성 질환 (A00-B99)","제주도","여자",62,18.8,6.3
"신생물 (C00-D48)","전국","계",82844,161.4,90.7
"신생물 (C00-D48)","전국","남자",51158,199.8,129.7
"신생물 (C00-D48)","전국","여자",31686,123.2,61.6
"신생물 (C00-D48)","서울특별시","계",13808,144.1,85.6
"신생물 (C00-D48)","서울특별시","남자",8601,183.9,120.7
"신생물 (C00-D48)","서울특별시","여자",5207,106.2,58.5
"신생물 (C00-D48)","부산광역시","계",6599,194.7,100.0
"신생물 (C00-D48)","부산광역시","남자",4169,250.3,145.5
"신생물 (C00-D48)","부산광역시","여자",2430,140.9,65.4
"신생물 (C00-D48)","대구광역시","계",3934,161.8,91.3
"신생물 (C00-D48)","대구광역시","남자",2430,202.1,133.5
"신생물 (C00-D48)","대구광역시","여자",1504,122.4,59.9
"신생물 (C00-D48)","인천광역시","계",4379,149.6,95.7
"신생물 (C00-D48)","인천광역시","남자",2635,179.7,133.3
"신생물 (C00-D48)","인천광역시","여자",1744,119.4,68.1
"신생물 (C00-D48)","광주광역시","계",2087,144.0,91.9
"신생물 (C00-D48)","광주광역시","남자",1255,175.0,130.7
"신생물 (C00-D48)","광주광역시","여자",832,113.7,63.0
"신생물 (C00-D48)","대전광역시","계",2012,136.7,87.0
"신생물 (C00-D48)","대전광역시","남자",1198,163.1,118.5
"신생물 (C00-D48)","대전광역시","여자",814,110.4,64.0
"신생물 (C00-D48)","울산광역시","계",1498,130.7,93.5
"신생물 (C00-D48)","울산광역시","남자",912,155.0,133.8
"신생물 (C00-D48)","울산광역시","여자",586,105.1,64.4
"신생물 (C00-D48)","세종특별자치시","계",343,105.1,87.6
"신생물 (C00-D48)","세종특별자치시","남자",213,130.9,127.8
"신생물 (C00-D48)","세종특별자치시","여자",130,79.5,57.5
"신생물 (C00-D48)","경기도","계",17527,134.4,89.1
"신생물 (C00-D48)","경기도","남자",10792,164.6,125.2
"신생물 (C00-D48)","경기도","여자",6735,103.8,62.0
"신생물 (C00-D48)","강원도","계",3143,205.6,96.3
"신생물 (C00-D48)","강원도","남자",1977,257.0,136.8
"신생물 (C00-D48)","강원도","여자",1166,153.6,65.2
"신생물 (C00-D48)","충청북도","계",2978,187.4,94.6
"신생물 (C00-D48)","충청북도","남자",1793,222.9,132.1
"신생물 (C00-D48)","충청북도","여자",1185,150.9,66.1
"신생물 (C00-D48)","충청남도","계",3833,181.6,86.5
"신생물 (C00-D48)","충청남도","남자",2396,223.0,124.4
"신생물 (C00-D48)","충청남도","여자",1437,138.7,57.4
"신생물 (C00-D48)","전라북도","계",3609,198.7,87.9
"신생물 (C00-D48)","전라북도","남자",2247,248.8,129.2
"신생물 (C00-D48)","전라북도","여자",1362,149.2,57.1
"신생물 (C00-D48)","전라남도","계",4221,226.5,90.8
"신생물 (C00-D48)","전라남도","남자",2674,286.1,137.8
"신생물 (C00-D48)","전라남도","여자",1547,166.6,56.3
"신생물 (C00-D48)","경상북도","계",5744,216.4,93.6
"신생물 (C00-D48)","경상북도","남자",3548,265.7,136.5
"신생물 (C00-D48)","경상북도","여자",2196,166.6,62.8
"신생물 (C00-D48)","경상남도","계",6020,179.8,95.5
"신생물 (C00-D48)","경상남도","남자",3661,217.4,140.0
"신생물 (C00-D48)","경상남도","여자",2359,141.8,64.6
"신생물 (C00-D48)","제주도","계",1109,167.1,95.9
"신생물 (C00-D48)","제주도","남자",657,196.8,133.7
"신생물 (C00-D48)","제주도","여자",452,137.1,67.6
"혈액 및 조혈기관질환과 면역메커니즘을 침범하는 특정장애 (D50-D89) (명)","전국","계",833,1.6,0.9
"혈액 및 조혈기관질환과 면역메커니즘을 침범하는 특정장애 (D50-D89) (명)","전국","남자",357,1.4,1.0
"혈액 및 조혈기관질환과 면역메커니즘을 침범하는 특정장애 (D50-D89) (명)","전국","여자",476,1.9,0.8
"혈액 및 조혈기관질환과 면역메커니즘을 침범하는 특정장애 (D50-D89) (명)","서울특별시","계",120,1.3,0.7
"혈액 및 조혈기관질환과 면역메커니즘을 침범하는 특정장애 (D50-D89) (명)","서울특별시","남자",65,1.4,0.9
"혈액 및 조혈기관질환과 면역메커니즘을 침범하는 특정장애 (D50-D89) (명)","서울특별시","여자",55,1.1,0.6
"혈액 및 조혈기관질환과 면역메커니즘을 침범하는 특정장애 (D50-D89) (명)","부산광역시","계",107,3.2,1.5
"혈액 및 조혈기관질환과 면역메커니즘을 침범하는 특정장애 (D50-D89) (명)","부산광역시","남자",38,2.3,1.3
"혈액 및 조혈기관질환과 면역메커니즘을 침범하는 특정장애 (D50-D89) (명)","부산광역시","여자",69,4.0,1.6
"혈액 및 조혈기관질환과 면역메커니즘을 침범하는 특정장애 (D50-D89) (명)","대구광역시","계",30,1.2,0.7
"혈액 및 조혈기관질환과 면역메커니즘을 침범하는 특정장애 (D50-D89) (명)","대구광역시","남자",12,1.0,0.7
"혈액 및 조혈기관질환과 면역메커니즘을 침범하는 특정장애 (D50-D89) (명)","대구광역시","여자",18,1.5,0.8
"혈액 및 조혈기관질환과 면역메커니즘을 침범하는 특정장애 (D50-D89) (명)","인천광역시","계",33,1.1,0.7
"혈액 및 조혈기관질환과 면역메커니즘을 침범하는 특정장애 (D50-D89) (명)","인천광역시","남자",14,1.0,0.8
"혈액 및 조혈기관질환과 면역메커니즘을 침범하는 특정장애 (D50-D89) (명)","인천광역시","여자",19,1.3,0.6
"혈액 및 조혈기관질환과 면역메커니즘을 침범하는 특정장애 (D50-D89) (명)","광주광역시","계",23,1.6,1.0
"혈액 및 조혈기관질환과 면역메커니즘을 침범하는 특정장애 (D50-D89) (명)","광주광역시","남자",11,1.5,1.3
"혈액 및 조혈기관질환과 면역메커니즘을 침범하는 특정장애 (D50-D89) (명)","광주광역시","여자",12,1.6,0.8
"혈액 및 조혈기관질환과 면역메커니즘을 침범하는 특정장애 (D50-D89) (명)","대전광역시","계",20,1.4,0.8
"혈액 및 조혈기관질환과 면역메커니즘을 침범하는 특정장애 (D50-D89) (명)","대전광역시","남자",12,1.6,1.2
"혈액 및 조혈기관질환과 면역메커니즘을 침범하는 특정장애 (D50-D89) (명)","대전광역시","여자",8,1.1,0.5
"혈액 및 조혈기관질환과 면역메커니즘을 침범하는 특정장애 (D50-D89) (명)","울산광역시","계",12,1.0,0.8
"혈액 및 조혈기관질환과 면역메커니즘을 침범하는 특정장애 (D50-D89) (명)","울산광역시","남자",6,1.0,1.1
"혈액 및 조혈기관질환과 면역메커니즘을 침범하는 특정장애 (D50-D89) (명)","울산광역시","여자",6,1.1,0.5
"혈액 및 조혈기관질환과 면역메커니즘을 침범하는 특정장애 (D50-D89) (명)","세종특별자치시","계",2,0.6,0.8
"혈액 및 조혈기관질환과 면역메커니즘을 침범하는 특정장애 (D50-D89) (명)","세종특별자치시","남자",0,-,-
"혈액 및 조혈기관질환과 면역메커니즘을 침범하는 특정장애 (D50-D89) (명)","세종특별자치시","여자",2,1.2,1.5
"혈액 및 조혈기관질환과 면역메커니즘을 침범하는 특정장애 (D50-D89) (명)","경기도","계",138,1.1,0.7
"혈액 및 조혈기관질환과 면역메커니즘을 침범하는 특정장애 (D50-D89) (명)","경기도","남자",66,1.0,0.8
"혈액 및 조혈기관질환과 면역메커니즘을 침범하는 특정장애 (D50-D89) (명)","경기도","여자",72,1.1,0.6
"혈액 및 조혈기관질환과 면역메커니즘을 침범하는 특정장애 (D50-D89) (명)","강원도","계",32,2.1,0.9
"혈액 및 조혈기관질환과 면역메커니즘을 침범하는 특정장애 (D50-D89) (명)","강원도","남자",13,1.7,1.1
"혈액 및 조혈기관질환과 면역메커니즘을 침범하는 특정장애 (D50-D89) (명)","강원도","여자",19,2.5,0.7
"혈액 및 조혈기관질환과 면역메커니즘을 침범하는 특정장애 (D50-D89) (명)","충청북도","계",25,1.6,0.8
"혈액 및 조혈기관질환과 면역메커니즘을 침범하는 특정장애 (D50-D89) (명)","충청북도","남자",11,1.4,0.8
"혈액 및 조혈기관질환과 면역메커니즘을 침범하는 특정장애 (D50-D89) (명)","충청북도","여자",14,1.8,0.8
"혈액 및 조혈기관질환과 면역메커니즘을 침범하는 특정장애 (D50-D89) (명)","충청남도","계",42,2.0,0.8
"혈액 및 조혈기관질환과 면역메커니즘을 침범하는 특정장애 (D50-D89) (명)","충청남도","남자",20,1.9,1.0
"혈액 및 조혈기관질환과 면역메커니즘을 침범하는 특정장애 (D50-D89) (명)","충청남도","여자",22,2.1,0.6
"혈액 및 조혈기관질환과 면역메커니즘을 침범하는 특정장애 (D50-D89) (명)","전라북도","계",57,3.1,1.1
"혈액 및 조혈기관질환과 면역메커니즘을 침범하는 특정장애 (D50-D89) (명)","전라북도","남자",21,2.3,1.3
"혈액 및 조혈기관질환과 면역메커니즘을 침범하는 특정장애 (D50-D89) (명)","전라북도","여자",36,3.9,1.0
"혈액 및 조혈기관질환과 면역메커니즘을 침범하는 특정장애 (D50-D89) (명)","전라남도","계",42,2.3,0.7
"혈액 및 조혈기관질환과 면역메커니즘을 침범하는 특정장애 (D50-D89) (명)","전라남도","남자",16,1.7,0.9
"혈액 및 조혈기관질환과 면역메커니즘을 침범하는 특정장애 (D50-D89) (명)","전라남도","여자",26,2.8,0.7
"혈액 및 조혈기관질환과 면역메커니즘을 침범하는 특정장애 (D50-D89) (명)","경상북도","계",66,2.5,1.2
"혈액 및 조혈기관질환과 면역메커니즘을 침범하는 특정장애 (D50-D89) (명)","경상북도","남자",25,1.9,1.4
"혈액 및 조혈기관질환과 면역메커니즘을 침범하는 특정장애 (D50-D89) (명)","경상북도","여자",41,3.1,0.9
"혈액 및 조혈기관질환과 면역메커니즘을 침범하는 특정장애 (D50-D89) (명)","경상남도","계",68,2.0,0.9
"혈액 및 조혈기관질환과 면역메커니즘을 침범하는 특정장애 (D50-D89) (명)","경상남도","남자",20,1.2,0.8
"혈액 및 조혈기관질환과 면역메커니즘을 침범하는 특정장애 (D50-D89) (명)","경상남도","여자",48,2.9,1.0
"혈액 및 조혈기관질환과 면역메커니즘을 침범하는 특정장애 (D50-D89) (명)","제주도","계",16,2.4,1.3
"혈액 및 조혈기관질환과 면역메커니즘을 침범하는 특정장애 (D50-D89) (명)","제주도","남자",7,2.1,1.8
"혈액 및 조혈기관질환과 면역메커니즘을 침범하는 특정장애 (D50-D89) (명)","제주도","여자",9,2.7,0.7
"내분비, 영양 및 대사 질환 (E00-E88)","전국","계",9502,18.5,9.5
"내분비, 영양 및 대사 질환 (E00-E88)","전국","남자",4817,18.8,12.3
"내분비, 영양 및 대사 질환 (E00-E88)","전국","여자",4685,18.2,7.0
"내분비, 영양 및 대사 질환 (E00-E88)","서울특별시","계",1243,13.0,7.2
"내분비, 영양 및 대사 질환 (E00-E88)","서울특별시","남자",704,15.1,9.9
"내분비, 영양 및 대사 질환 (E00-E88)","서울특별시","여자",539,11.0,4.9
"내분비, 영양 및 대사 질환 (E00-E88)","부산광역시","계",1015,29.9,14.3
"내분비, 영양 및 대사 질환 (E00-E88)","부산광역시","남자",500,30.0,17.8
"내분비, 영양 및 대사 질환 (E00-E88)","부산광역시","여자",515,29.9,11.1
"내분비, 영양 및 대사 질환 (E00-E88)","대구광역시","계",523,21.5,11.5
"내분비, 영양 및 대사 질환 (E00-E88)","대구광역시","남자",282,23.5,15.7
"내분비, 영양 및 대사 질환 (E00-E88)","대구광역시","여자",241,19.6,8.0
"내분비, 영양 및 대사 질환 (E00-E88)","인천광역시","계",472,16.1,9.5
"내분비, 영양 및 대사 질환 (E00-E88)","인천광역시","남자",247,16.8,12.6
"내분비, 영양 및 대사 질환 (E00-E88)","인천광역시","여자",225,15.4,6.9
"내분비, 영양 및 대사 질환 (E00-E88)","광주광역시","계",227,15.7,9.3
"내분비, 영양 및 대사 질환 (E00-E88)","광주광역시","남자",98,13.7,10.7
"내분비, 영양 및 대사 질환 (E00-E88)","광주광역시","여자",129,17.6,7.9
"내분비, 영양 및 대사 질환 (E00-E88)","대전광역시","계",240,16.3,9.3
"내분비, 영양 및 대사 질환 (E00-E88)","대전광역시","남자",114,15.5,11.4
"내분비, 영양 및 대사 질환 (E00-E88)","대전광역시","여자",126,17.1,7.6
"내분비, 영양 및 대사 질환 (E00-E88)","울산광역시","계",277,24.2,17.0
"내분비, 영양 및 대사 질환 (E00-E88)","울산광역시","남자",126,21.4,19.5
"내분비, 영양 및 대사 질환 (E00-E88)","울산광역시","여자",151,27.1,14.3
"내분비, 영양 및 대사 질환 (E00-E88)","세종특별자치시","계",43,13.2,10.0
"내분비, 영양 및 대사 질환 (E00-E88)","세종특별자치시","남자",25,15.4,14.5
"내분비, 영양 및 대사 질환 (E00-E88)","세종특별자치시","여자",18,11.0,6.6
"내분비, 영양 및 대사 질환 (E00-E88)","경기도","계",2032,15.6,9.6
"내분비, 영양 및 대사 질환 (E00-E88)","경기도","남자",1085,16.5,12.6
"내분비, 영양 및 대사 질환 (E00-E88)","경기도","여자",947,14.6,6.9
"내분비, 영양 및 대사 질환 (E00-E88)","강원도","계",309,20.2,8.3
"내분비, 영양 및 대사 질환 (E00-E88)","강원도","남자",160,20.8,11.1
"내분비, 영양 및 대사 질환 (E00-E88)","강원도","여자",149,19.6,5.8
"내분비, 영양 및 대사 질환 (E00-E88)","충청북도","계",359,22.6,10.2
"내분비, 영양 및 대사 질환 (E00-E88)","충청북도","남자",156,19.4,11.7
"내분비, 영양 및 대사 질환 (E00-E88)","충청북도","여자",203,25.9,8.5
"내분비, 영양 및 대사 질환 (E00-E88)","충청남도","계",446,21.1,9.1
"내분비, 영양 및 대사 질환 (E00-E88)","충청남도","남자",213,19.8,11.5
"내분비, 영양 및 대사 질환 (E00-E88)","충청남도","여자",233,22.5,6.8
"내분비, 영양 및 대사 질환 (E00-E88)","전라북도","계",378,20.8,8.4
"내분비, 영양 및 대사 질환 (E00-E88)","전라북도","남자",195,21.6,11.4
"내분비, 영양 및 대사 질환 (E00-E88)","전라북도","여자",183,20.0,5.8
"내분비, 영양 및 대사 질환 (E00-E88)","전라남도","계",634,34.0,12.1
"내분비, 영양 및 대사 질환 (E00-E88)","전라남도","남자",322,34.5,16.6
"내분비, 영양 및 대사 질환 (E00-E88)","전라남도","여자",312,33.6,8.4
"내분비, 영양 및 대사 질환 (E00-E88)","경상북도","계",618,23.3,9.0
"내분비, 영양 및 대사 질환 (E00-E88)","경상북도","남자",268,20.1,10.7
"내분비, 영양 및 대사 질환 (E00-E88)","경상북도","여자",350,26.5,7.3
"내분비, 영양 및 대사 질환 (E00-E88)","경상남도","계",602,18.0,8.3
"내분비, 영양 및 대사 질환 (E00-E88)","경상남도","남자",282,16.7,10.7
"내분비, 영양 및 대사 질환 (E00-E88)","경상남도","여자",320,19.2,6.3
"내분비, 영양 및 대사 질환 (E00-E88)","제주도","계",84,12.7,6.4
"내분비, 영양 및 대사 질환 (E00-E88)","제주도","남자",40,12.0,8.3
"내분비, 영양 및 대사 질환 (E00-E88)","제주도","여자",44,13.3,4.2
"정신 및 행동장애 (F01-F99)","전국","계",4672,9.1,4.3
"정신 및 행동장애 (F01-F99)","전국","남자",2095,8.2,5.4
"정신 및 행동장애 (F01-F99)","전국","여자",2577,10.0,3.1
"정신 및 행동장애 (F01-F99)","서울특별시","계",493,5.1,2.9
"정신 및 행동장애 (F01-F99)","서울특별시","남자",280,6.0,4.1
"정신 및 행동장애 (F01-F99)","서울특별시","여자",213,4.3,1.8
"정신 및 행동장애 (F01-F99)","부산광역시","계",656,19.4,9.1
"정신 및 행동장애 (F01-F99)","부산광역시","남자",306,18.4,11.7
"정신 및 행동장애 (F01-F99)","부산광역시","여자",350,20.3,6.4
"정신 및 행동장애 (F01-F99)","대구광역시","계",94,3.9,2.0
"정신 및 행동장애 (F01-F99)","대구광역시","남자",40,3.3,2.3
"정신 및 행동장애 (F01-F99)","대구광역시","여자",54,4.4,1.5
"정신 및 행동장애 (F01-F99)","인천광역시","계",320,10.9,6.0
"정신 및 행동장애 (F01-F99)","인천광역시","남자",146,10.0,7.5
"정신 및 행동장애 (F01-F99)","인천광역시","여자",174,11.9,4.4
"정신 및 행동장애 (F01-F99)","광주광역시","계",115,7.9,4.1
"정신 및 행동장애 (F01-F99)","광주광역시","남자",43,6.0,4.4
"정신 및 행동장애 (F01-F99)","광주광역시","여자",72,9.8,3.5
"정신 및 행동장애 (F01-F99)","대전광역시","계",60,4.1,2.1
"정신 및 행동장애 (F01-F99)","대전광역시","남자",19,2.6,1.9
"정신 및 행동장애 (F01-F99)","대전광역시","여자",41,5.6,2.1
"정신 및 행동장애 (F01-F99)","울산광역시","계",163,14.2,9.9
"정신 및 행동장애 (F01-F99)","울산광역시","남자",71,12.1,11.1
"정신 및 행동장애 (F01-F99)","울산광역시","여자",92,16.5,8.0
"정신 및 행동장애 (F01-F99)","세종특별자치시","계",25,7.7,4.9
"정신 및 행동장애 (F01-F99)","세종특별자치시","남자",10,6.1,6.1
"정신 및 행동장애 (F01-F99)","세종특별자치시","여자",15,9.2,4.0
"정신 및 행동장애 (F01-F99)","경기도","계",1091,8.4,4.6
"정신 및 행동장애 (F01-F99)","경기도","남자",460,7.0,5.3
"정신 및 행동장애 (F01-F99)","경기도","여자",631,9.7,3.7
"정신 및 행동장애 (F01-F99)","강원도","계",220,14.4,5.5
"정신 및 행동장애 (F01-F99)","강원도","남자",90,11.7,6.8
"정신 및 행동장애 (F01-F99)","강원도","여자",130,17.1,4.0
"정신 및 행동장애 (F01-F99)","충청북도","계",168,10.6,4.1
"정신 및 행동장애 (F01-F99)","충청북도","남자",79,9.8,5.8
"정신 및 행동장애 (F01-F99)","충청북도","여자",89,11.3,2.5
"정신 및 행동장애 (F01-F99)","충청남도","계",228,10.8,3.8
"정신 및 행동장애 (F01-F99)","충청남도","남자",90,8.4,4.5
"정신 및 행동장애 (F01-F99)","충청남도","여자",138,13.3,3.0
"정신 및 행동장애 (F01-F99)","전라북도","계",180,9.9,3.6
"정신 및 행동장애 (F01-F99)","전라북도","남자",72,8.0,4.4
"정신 및 행동장애 (F01-F99)","전라북도","여자",108,11.8,2.7
"정신 및 행동장애 (F01-F99)","전라남도","계",391,21.0,6.2
"정신 및 행동장애 (F01-F99)","전라남도","남자",142,15.2,7.2
"정신 및 행동장애 (F01-F99)","전라남도","여자",249,26.8,4.9
"정신 및 행동장애 (F01-F99)","경상북도","계",168,6.3,2.2
"정신 및 행동장애 (F01-F99)","경상북도","남자",79,5.9,3.0
"정신 및 행동장애 (F01-F99)","경상북도","여자",89,6.8,1.5
"정신 및 행동장애 (F01-F99)","경상남도","계",275,8.2,4.0
"정신 및 행동장애 (F01-F99)","경상남도","남자",152,9.0,6.0
"정신 및 행동장애 (F01-F99)","경상남도","여자",123,7.4,2.2
"정신 및 행동장애 (F01-F99)","제주도","계",25,3.8,2.0
"정신 및 행동장애 (F01-F99)","제주도","남자",16,4.8,3.4
"정신 및 행동장애 (F01-F99)","제주도","여자",9,2.7,1.0
"신경계통의 질환 (G00-G98)","전국","계",12903,25.1,11.8
"신경계통의 질환 (G00-G98)","전국","남자",5040,19.7,12.9
"신경계통의 질환 (G00-G98)","전국","여자",7863,30.6,10.5
"신경계통의 질환 (G00-G98)","서울특별시","계",1986,20.7,10.9
"신경계통의 질환 (G00-G98)","서울특별시","남자",879,18.8,12.6
"신경계통의 질환 (G00-G98)","서울특별시","여자",1107,22.6,9.3
"신경계통의 질환 (G00-G98)","부산광역시","계",1263,37.3,17.0
"신경계통의 질환 (G00-G98)","부산광역시","남자",482,28.9,17.9
"신경계통의 질환 (G00-G98)","부산광역시","여자",781,45.3,15.5
"신경계통의 질환 (G00-G98)","대구광역시","계",611,25.1,12.3
"신경계통의 질환 (G00-G98)","대구광역시","남자",244,20.3,13.6
"신경계통의 질환 (G00-G98)","대구광역시","여자",367,29.9,10.7
"신경계통의 질환 (G00-G98)","인천광역시","계",600,20.5,11.8
"신경계통의 질환 (G00-G98)","인천광역시","남자",244,16.6,13.0
"신경계통의 질환 (G00-G98)","인천광역시","여자",356,24.4,10.3
"신경계통의 질환 (G00-G98)","광주광역시","계",416,28.7,15.0
"신경계통의 질환 (G00-G98)","광주광역시","남자",137,19.1,14.7
"신경계통의 질환 (G00-G98)","광주광역시","여자",279,38.1,14.5
"신경계통의 질환 (G00-G98)","대전광역시","계",312,21.2,11.3
"신경계통의 질환 (G00-G98)","대전광역시","남자",119,16.2,12.0
"신경계통의 질환 (G00-G98)","대전광역시","여자",193,26.2,10.7
"신경계통의 질환 (G00-G98)","울산광역시","계",300,26.2,18.7
"신경계통의 질환 (G00-G98)","울산광역시","남자",110,18.7,18.9
"신경계통의 질환 (G00-G98)","울산광역시","여자",190,34.1,17.9
"신경계통의 질환 (G00-G98)","세종특별자치시","계",77,23.6,15.9
"신경계통의 질환 (G00-G98)","세종특별자치시","남자",26,16.0,15.6
"신경계통의 질환 (G00-G98)","세종특별자치시","여자",51,31.2,15.1
"신경계통의 질환 (G00-G98)","경기도","계",2270,17.4,10.4
"신경계통의 질환 (G00-G98)","경기도","남자",979,14.9,11.6
"신경계통의 질환 (G00-G98)","경기도","여자",1291,19.9,9.2
"신경계통의 질환 (G00-G98)","강원도","계",312,20.4,7.3
"신경계통의 질환 (G00-G98)","강원도","남자",121,15.7,7.8
"신경계통의 질환 (G00-G98)","강원도","여자",191,25.2,6.8
"신경계통의 질환 (G00-G98)","충청북도","계",325,20.4,8.9
"신경계통의 질환 (G00-G98)","충청북도","남자",141,17.5,10.8
"신경계통의 질환 (G00-G98)","충청북도","여자",184,23.4,7.4
"신경계통의 질환 (G00-G98)","충청남도","계",662,31.4,11.3
"신경계통의 질환 (G00-G98)","충청남도","남자",278,25.9,13.7
"신경계통의 질환 (G00-G98)","충청남도","여자",384,37.1,9.2
"신경계통의 질환 (G00-G98)","전라북도","계",675,37.2,11.7
"신경계통의 질환 (G00-G98)","전라북도","남자",219,24.3,12.0
"신경계통의 질환 (G00-G98)","전라북도","여자",456,49.9,11.0
"신경계통의 질환 (G00-G98)","전라남도","계",689,37.0,10.8
"신경계통의 질환 (G00-G98)","전라남도","남자",232,24.8,11.8
"신경계통의 질환 (G00-G98)","전라남도","여자",457,49.2,9.3
"신경계통의 질환 (G00-G98)","경상북도","계",993,37.4,11.9
"신경계통의 질환 (G00-G98)","경상북도","남자",342,25.6,12.9
"신경계통의 질환 (G00-G98)","경상북도","여자",651,49.4,10.7
"신경계통의 질환 (G00-G98)","경상남도","계",1262,37.7,15.6
"신경계통의 질환 (G00-G98)","경상남도","남자",423,25.1,16.4
"신경계통의 질환 (G00-G98)","경상남도","여자",839,50.4,14.6
"신경계통의 질환 (G00-G98)","제주도","계",150,22.6,10.3
"신경계통의 질환 (G00-G98)","제주도","남자",64,19.2,13.3
"신경계통의 질환 (G00-G98)","제주도","여자",86,26.1,7.8
"눈 및 눈부속기의 질환 (H00-H57)","전국","계",1,0.0,0.0
"눈 및 눈부속기의 질환 (H00-H57)","전국","남자",1,0.0,0.0
"눈 및 눈부속기의 질환 (H00-H57)","전국","여자",0,-,-
"눈 및 눈부속기의 질환 (H00-H57)","서울특별시","계",0,-,-
"눈 및 눈부속기의 질환 (H00-H57)","서울특별시","남자",0,-,-
"눈 및 눈부속기의 질환 (H00-H57)","서울특별시","여자",0,-,-
"눈 및 눈부속기의 질환 (H00-H57)","부산광역시","계",1,0.0,0.0
"눈 및 눈부속기의 질환 (H00-H57)","부산광역시","남자",1,0.1,0.0
"눈 및 눈부속기의 질환 (H00-H57)","부산광역시","여자",0,-,-
"눈 및 눈부속기의 질환 (H00-H57)","대구광역시","계",0,-,-
"눈 및 눈부속기의 질환 (H00-H57)","대구광역시","남자",0,-,-
"눈 및 눈부속기의 질환 (H00-H57)","대구광역시","여자",0,-,-
"눈 및 눈부속기의 질환 (H00-H57)","인천광역시","계",0,-,-
"눈 및 눈부속기의 질환 (H00-H57)","인천광역시","남자",0,-,-
"눈 및 눈부속기의 질환 (H00-H57)","인천광역시","여자",0,-,-
"눈 및 눈부속기의 질환 (H00-H57)","광주광역시","계",0,-,-
"눈 및 눈부속기의 질환 (H00-H57)","광주광역시","남자",0,-,-
"눈 및 눈부속기의 질환 (H00-H57)","광주광역시","여자",0,-,-
"눈 및 눈부속기의 질환 (H00-H57)","대전광역시","계",0,-,-
"눈 및 눈부속기의 질환 (H00-H57)","대전광역시","남자",0,-,-
"눈 및 눈부속기의 질환 (H00-H57)","대전광역시","여자",0,-,-
"눈 및 눈부속기의 질환 (H00-H57)","울산광역시","계",0,-,-
"눈 및 눈부속기의 질환 (H00-H57)","울산광역시","남자",0,-,-
"눈 및 눈부속기의 질환 (H00-H57)","울산광역시","여자",0,-,-
"눈 및 눈부속기의 질환 (H00-H57)","세종특별자치시","계",0,-,-
"눈 및 눈부속기의 질환 (H00-H57)","세종특별자치시","남자",0,-,-
"눈 및 눈부속기의 질환 (H00-H57)","세종특별자치시","여자",0,-,-
"눈 및 눈부속기의 질환 (H00-H57)","경기도","계",0,-,-
"눈 및 눈부속기의 질환 (H00-H57)","경기도","남자",0,-,-
"눈 및 눈부속기의 질환 (H00-H57)","경기도","여자",0,-,-
"눈 및 눈부속기의 질환 (H00-H57)","강원도","계",0,-,-
"눈 및 눈부속기의 질환 (H00-H57)","강원도","남자",0,-,-
"눈 및 눈부속기의 질환 (H00-H57)","강원도","여자",0,-,-
"눈 및 눈부속기의 질환 (H00-H57)","충청북도","계",0,-,-
"눈 및 눈부속기의 질환 (H00-H57)","충청북도","남자",0,-,-
"눈 및 눈부속기의 질환 (H00-H57)","충청북도","여자",0,-,-
"눈 및 눈부속기의 질환 (H00-H57)","충청남도","계",0,-,-
"눈 및 눈부속기의 질환 (H00-H57)","충청남도","남자",0,-,-
"눈 및 눈부속기의 질환 (H00-H57)","충청남도","여자",0,-,-
"눈 및 눈부속기의 질환 (H00-H57)","전라북도","계",0,-,-
"눈 및 눈부속기의 질환 (H00-H57)","전라북도","남자",0,-,-
"눈 및 눈부속기의 질환 (H00-H57)","전라북도","여자",0,-,-
"눈 및 눈부속기의 질환 (H00-H57)","전라남도","계",0,-,-
"눈 및 눈부속기의 질환 (H00-H57)","전라남도","남자",0,-,-
"눈 및 눈부속기의 질환 (H00-H57)","전라남도","여자",0,-,-
"눈 및 눈부속기의 질환 (H00-H57)","경상북도","계",0,-,-
"눈 및 눈부속기의 질환 (H00-H57)","경상북도","남자",0,-,-
"눈 및 눈부속기의 질환 (H00-H57)","경상북도","여자",0,-,-
"눈 및 눈부속기의 질환 (H00-H57)","경상남도","계",0,-,-
"눈 및 눈부속기의 질환 (H00-H57)","경상남도","남자",0,-,-
"눈 및 눈부속기의 질환 (H00-H57)","경상남도","여자",0,-,-
"눈 및 눈부속기의 질환 (H00-H57)","제주도","계",0,-,-
"눈 및 눈부속기의 질환 (H00-H57)","제주도","남자",0,-,-
"눈 및 눈부속기의 질환 (H00-H57)","제주도","여자",0,-,-
"귀 및 유돌의 질환 (H60-H93)","전국","계",6,0.0,0.0
"귀 및 유돌의 질환 (H60-H93)","전국","남자",3,0.0,0.0
"귀 및 유돌의 질환 (H60-H93)","전국","여자",3,0.0,0.0
"귀 및 유돌의 질환 (H60-H93)","서울특별시","계",0,-,-
"귀 및 유돌의 질환 (H60-H93)","서울특별시","남자",0,-,-
"귀 및 유돌의 질환 (H60-H93)","서울특별시","여자",0,-,-
"귀 및 유돌의 질환 (H60-H93)","부산광역시","계",0,-,-
"귀 및 유돌의 질환 (H60-H93)","부산광역시","남자",0,-,-
"귀 및 유돌의 질환 (H60-H93)","부산광역시","여자",0,-,-
"귀 및 유돌의 질환 (H60-H93)","대구광역시","계",1,0.0,0.0
"귀 및 유돌의 질환 (H60-H93)","대구광역시","남자",0,-,-
"귀 및 유돌의 질환 (H60-H93)","대구광역시","여자",1,0.1,0.0
"귀 및 유돌의 질환 (H60-H93)","인천광역시","계",0,-,-
"귀 및 유돌의 질환 (H60-H93)","인천광역시","남자",0,-,-
"귀 및 유돌의 질환 (H60-H93)","인천광역시","여자",0,-,-
"귀 및 유돌의 질환 (H60-H93)","광주광역시","계",0,-,-
"귀 및 유돌의 질환 (H60-H93)","광주광역시","남자",0,-,-
"귀 및 유돌의 질환 (H60-H93)","광주광역시","여자",0,-,-
"귀 및 유돌의 질환 (H60-H93)","대전광역시","계",0,-,-
"귀 및 유돌의 질환 (H60-H93)","대전광역시","남자",0,-,-
"귀 및 유돌의 질환 (H60-H93)","대전광역시","여자",0,-,-
"귀 및 유돌의 질환 (H60-H93)","울산광역시","계",0,-,-
"귀 및 유돌의 질환 (H60-H93)","울산광역시","남자",0,-,-
"귀 및 유돌의 질환 (H60-H93)","울산광역시","여자",0,-,-
"귀 및 유돌의 질환 (H60-H93)","세종특별자치시","계",0,-,-
"귀 및 유돌의 질환 (H60-H93)","세종특별자치시","남자",0,-,-
"귀 및 유돌의 질환 (H60-H93)","세종특별자치시","여자",0,-,-
"귀 및 유돌의 질환 (H60-H93)","경기도","계",1,0.0,0.0
"귀 및 유돌의 질환 (H60-H93)","경기도","남자",1,0.0,0.0
"귀 및 유돌의 질환 (H60-H93)","경기도","여자",0,-,-
"귀 및 유돌의 질환 (H60-H93)","강원도","계",0,-,-
"귀 및 유돌의 질환 (H60-H93)","강원도","남자",0,-,-
"귀 및 유돌의 질환 (H60-H93)","강원도","여자",0,-,-
"귀 및 유돌의 질환 (H60-H93)","충청북도","계",0,-,-
"귀 및 유돌의 질환 (H60-H93)","충청북도","남자",0,-,-
"귀 및 유돌의 질환 (H60-H93)","충청북도","여자",0,-,-
"귀 및 유돌의 질환 (H60-H93)","충청남도","계",0,-,-
"귀 및 유돌의 질환 (H60-H93)","충청남도","남자",0,-,-
"귀 및 유돌의 질환 (H60-H93)","충청남도","여자",0,-,-
"귀 및 유돌의 질환 (H60-H93)","전라북도","계",3,0.2,0.0
"귀 및 유돌의 질환 (H60-H93)","전라북도","남자",2,0.2,0.1
"귀 및 유돌의 질환 (H60-H93)","전라북도","여자",1,0.1,0.0
"귀 및 유돌의 질환 (H60-H93)","전라남도","계",1,0.1,0.0
"귀 및 유돌의 질환 (H60-H93)","전라남도","남자",0,-,-
"귀 및 유돌의 질환 (H60-H93)","전라남도","여자",1,0.1,0.0
"귀 및 유돌의 질환 (H60-H93)","경상북도","계",0,-,-
"귀 및 유돌의 질환 (H60-H93)","경상북도","남자",0,-,-
"귀 및 유돌의 질환 (H60-H93)","경상북도","여자",0,-,-
"귀 및 유돌의 질환 (H60-H93)","경상남도","계",0,-,-
"귀 및 유돌의 질환 (H60-H93)","경상남도","남자",0,-,-
"귀 및 유돌의 질환 (H60-H93)","경상남도","여자",0,-,-
"귀 및 유돌의 질환 (H60-H93)","제주도","계",0,-,-
"귀 및 유돌의 질환 (H60-H93)","제주도","남자",0,-,-
"귀 및 유돌의 질환 (H60-H93)","제주도","여자",0,-,-
"순환계통 질환 (I00-I99)","전국","계",60252,117.4,57.3
"순환계통 질환 (I00-I99)","전국","남자",28672,112.0,73.1
"순환계통 질환 (I00-I99)","전국","여자",31580,122.7,43.4
"순환계통 질환 (I00-I99)","서울특별시","계",8685,90.7,49.4
"순환계통 질환 (I00-I99)","서울특별시","남자",4612,98.6,65.6
"순환계통 질환 (I00-I99)","서울특별시","여자",4073,83.1,35.2
"순환계통 질환 (I00-I99)","부산광역시","계",5121,151.1,70.5
"순환계통 질환 (I00-I99)","부산광역시","남자",2464,148.0,88.8
"순환계통 질환 (I00-I99)","부산광역시","여자",2657,154.0,54.1
"순환계통 질환 (I00-I99)","대구광역시","계",2856,117.5,59.4
"순환계통 질환 (I00-I99)","대구광역시","남자",1346,112.0,74.9
"순환계통 질환 (I00-I99)","대구광역시","여자",1510,122.9,45.5
"순환계통 질환 (I00-I99)","인천광역시","계",2951,100.8,59.1
"순환계통 질환 (I00-I99)","인천광역시","남자",1509,102.9,78.2
"순환계통 질환 (I00-I99)","인천광역시","여자",1442,98.7,42.7
"순환계통 질환 (I00-I99)","광주광역시","계",1421,98.1,55.0
"순환계통 질환 (I00-I99)","광주광역시","남자",630,87.9,66.2
"순환계통 질환 (I00-I99)","광주광역시","여자",791,108.1,44.5
"순환계통 질환 (I00-I99)","대전광역시","계",1246,84.7,47.8
"순환계통 질환 (I00-I99)","대전광역시","남자",578,78.7,57.6
"순환계통 질환 (I00-I99)","대전광역시","여자",668,90.6,38.1
"순환계통 질환 (I00-I99)","울산광역시","계",1221,106.6,74.8
"순환계통 질환 (I00-I99)","울산광역시","남자",599,101.8,97.1
"순환계통 질환 (I00-I99)","울산광역시","여자",622,111.6,57.4
"순환계통 질환 (I00-I99)","세종특별자치시","계",236,72.3,52.8
"순환계통 질환 (I00-I99)","세종특별자치시","남자",101,62.0,60.7
"순환계통 질환 (I00-I99)","세종특별자치시","여자",135,82.6,45.7
"순환계통 질환 (I00-I99)","경기도","계",12422,95.2,56.4
"순환계통 질환 (I00-I99)","경기도","남자",6081,92.7,71.0
"순환계통 질환 (I00-I99)","경기도","여자",6341,97.8,43.3
"순환계통 질환 (I00-I99)","강원도","계",2406,157.4,60.3
"순환계통 질환 (I00-I99)","강원도","남자",1140,148.2,79.1
"순환계통 질환 (I00-I99)","강원도","여자",1266,166.7,43.4
"순환계통 질환 (I00-I99)","충청북도","계",2230,140.3,59.2
"순환계통 질환 (I00-I99)","충청북도","남자",1025,127.5,74.4
"순환계통 질환 (I00-I99)","충청북도","여자",1205,153.5,45.8
"순환계통 질환 (I00-I99)","충청남도","계",3080,145.9,55.5
"순환계통 질환 (I00-I99)","충청남도","남자",1366,127.1,67.9
"순환계통 질환 (I00-I99)","충청남도","여자",1714,165.4,44.3
"순환계통 질환 (I00-I99)","전라북도","계",2870,158.0,55.5
"순환계통 질환 (I00-I99)","전라북도","남자",1244,137.8,69.6
"순환계통 질환 (I00-I99)","전라북도","여자",1626,178.1,42.7
"순환계통 질환 (I00-I99)","전라남도","계",3435,184.4,57.3
"순환계통 질환 (I00-I99)","전라남도","남자",1461,156.3,72.6
"순환계통 질환 (I00-I99)","전라남도","여자",1974,212.5,44.5
"순환계통 질환 (I00-I99)","경상북도","계",4590,173.0,60.2
"순환계통 질환 (I00-I99)","경상북도","남자",2030,152.0,77.0
"순환계통 질환 (I00-I99)","경상북도","여자",2560,194.2,46.3
"순환계통 질환 (I00-I99)","경상남도","계",4835,144.4,66.3
"순환계통 질환 (I00-I99)","경상남도","남자",2185,129.7,85.3
"순환계통 질환 (I00-I99)","경상남도","여자",2650,159.3,49.8
"순환계통 질환 (I00-I99)","제주도","계",647,97.5,46.3
"순환계통 질환 (I00-I99)","제주도","남자",301,90.1,61.4
"순환계통 질환 (I00-I99)","제주도","여자",346,105.0,33.7
"호흡계통의 질환 (J00-J98,U04)","전국","계",36655,71.4,31.9
"호흡계통의 질환 (J00-J98,U04)","전국","남자",20513,80.1,50.5
"호흡계통의 질환 (J00-J98,U04)","전국","여자",16142,62.7,20.2
"호흡계통의 질환 (J00-J98,U04)","서울특별시","계",4648,48.5,24.5
"호흡계통의 질환 (J00-J98,U04)","서울특별시","남자",2734,58.5,37.9
"호흡계통의 질환 (J00-J98,U04)","서울특별시","여자",1914,39.0,15.4
"호흡계통의 질환 (J00-J98,U04)","부산광역시","계",2037,60.1,26.3
"호흡계통의 질환 (J00-J98,U04)","부산광역시","남자",1186,71.2,42.4
"호흡계통의 질환 (J00-J98,U04)","부산광역시","여자",851,49.3,16.1
"호흡계통의 질환 (J00-J98,U04)","대구광역시","계",1757,72.3,34.7
"호흡계통의 질환 (J00-J98,U04)","대구광역시","남자",978,81.4,53.5
"호흡계통의 질환 (J00-J98,U04)","대구광역시","여자",779,63.4,22.7
"호흡계통의 질환 (J00-J98,U04)","인천광역시","계",1710,58.4,31.7
"호흡계통의 질환 (J00-J98,U04)","인천광역시","남자",952,64.9,50.4
"호흡계통의 질환 (J00-J98,U04)","인천광역시","여자",758,51.9,20.1
"호흡계통의 질환 (J00-J98,U04)","광주광역시","계",1112,76.8,40.1
"호흡계통의 질환 (J00-J98,U04)","광주광역시","남자",596,83.1,62.5
"호흡계통의 질환 (J00-J98,U04)","광주광역시","여자",516,70.5,26.5
"호흡계통의 질환 (J00-J98,U04)","대전광역시","계",1013,68.8,36.3
"호흡계통의 질환 (J00-J98,U04)","대전광역시","남자",582,79.3,57.3
"호흡계통의 질환 (J00-J98,U04)","대전광역시","여자",431,58.4,22.7
"호흡계통의 질환 (J00-J98,U04)","울산광역시","계",452,39.5,27.1
"호흡계통의 질환 (J00-J98,U04)","울산광역시","남자",245,41.6,44.2
"호흡계통의 질환 (J00-J98,U04)","울산광역시","여자",207,37.1,18.4
"호흡계통의 질환 (J00-J98,U04)","세종특별자치시","계",144,44.1,28.6
"호흡계통의 질환 (J00-J98,U04)","세종특별자치시","남자",76,46.7,46.3
"호흡계통의 질환 (J00-J98,U04)","세종특별자치시","여자",68,41.6,18.0
"호흡계통의 질환 (J00-J98,U04)","경기도","계",7095,54.4,30.1
"호흡계통의 질환 (J00-J98,U04)","경기도","남자",3933,60.0,46.0
"호흡계통의 질환 (J00-J98,U04)","경기도","여자",3162,48.8,20.0
"호흡계통의 질환 (J00-J98,U04)","강원도","계",1752,114.6,38.6
"호흡계통의 질환 (J00-J98,U04)","강원도","남자",1042,135.4,65.1
"호흡계통의 질환 (J00-J98,U04)","강원도","여자",710,93.5,22.1
"호흡계통의 질환 (J00-J98,U04)","충청북도","계",1712,107.7,41.5
"호흡계통의 질환 (J00-J98,U04)","충청북도","남자",970,120.6,66.9
"호흡계통의 질환 (J00-J98,U04)","충청북도","여자",742,94.5,24.9
"호흡계통의 질환 (J00-J98,U04)","충청남도","계",2131,101.0,34.7
"호흡계통의 질환 (J00-J98,U04)","충청남도","남자",1226,114.1,55.3
"호흡계통의 질환 (J00-J98,U04)","충청남도","여자",905,87.4,21.3
"호흡계통의 질환 (J00-J98,U04)","전라북도","계",2184,120.3,37.2
"호흡계통의 질환 (J00-J98,U04)","전라북도","남자",1221,135.2,61.0
"호흡계통의 질환 (J00-J98,U04)","전라북도","여자",963,105.5,22.7
"호흡계통의 질환 (J00-J98,U04)","전라남도","계",2231,119.7,33.4
"호흡계통의 질환 (J00-J98,U04)","전라남도","남자",1228,131.4,56.0
"호흡계통의 질환 (J00-J98,U04)","전라남도","여자",1003,108.0,19.8
"호흡계통의 질환 (J00-J98,U04)","경상북도","계",3307,124.6,39.2
"호흡계통의 질환 (J00-J98,U04)","경상북도","남자",1781,133.3,62.5
"호흡계통의 질환 (J00-J98,U04)","경상북도","여자",1526,115.8,25.1
"호흡계통의 질환 (J00-J98,U04)","경상남도","계",2796,83.5,34.2
"호흡계통의 질환 (J00-J98,U04)","경상남도","남자",1484,88.1,56.0
"호흡계통의 질환 (J00-J98,U04)","경상남도","여자",1312,78.8,21.7
"호흡계통의 질환 (J00-J98,U04)","제주도","계",574,86.5,35.8
"호흡계통의 질환 (J00-J98,U04)","제주도","남자",279,83.6,54.9
"호흡계통의 질환 (J00-J98,U04)","제주도","여자",295,89.5,24.2
"소화계통의 질환 (K00-K92)","전국","계",11963,23.3,13.6
"소화계통의 질환 (K00-K92)","전국","남자",7316,28.6,19.6
"소화계통의 질환 (K00-K92)","전국","여자",4647,18.1,8.0
"소화계통의 질환 (K00-K92)","서울특별시","계",1765,18.4,11.4
"소화계통의 질환 (K00-K92)","서울특별시","남자",1130,24.2,16.9
"소화계통의 질환 (K00-K92)","서울특별시","여자",635,13.0,6.4
"소화계통의 질환 (K00-K92)","부산광역시","계",948,28.0,15.0
"소화계통의 질환 (K00-K92)","부산광역시","남자",578,34.7,21.7
"소화계통의 질환 (K00-K92)","부산광역시","여자",370,21.5,8.8
"소화계통의 질환 (K00-K92)","대구광역시","계",569,23.4,14.0
"소화계통의 질환 (K00-K92)","대구광역시","남자",369,30.7,21.4
"소화계통의 질환 (K00-K92)","대구광역시","여자",200,16.3,7.4
"소화계통의 질환 (K00-K92)","인천광역시","계",625,21.4,13.9
"소화계통의 질환 (K00-K92)","인천광역시","남자",402,27.4,20.1
"소화계통의 질환 (K00-K92)","인천광역시","여자",223,15.3,7.9
"소화계통의 질환 (K00-K92)","광주광역시","계",276,19.0,11.9
"소화계통의 질환 (K00-K92)","광주광역시","남자",149,20.8,15.8
"소화계통의 질환 (K00-K92)","광주광역시","여자",127,17.4,8.3
"소화계통의 질환 (K00-K92)","대전광역시","계",270,18.3,11.8
"소화계통의 질환 (K00-K92)","대전광역시","남자",157,21.4,15.8
"소화계통의 질환 (K00-K92)","대전광역시","여자",113,15.3,8.4
"소화계통의 질환 (K00-K92)","울산광역시","계",245,21.4,15.7
"소화계통의 질환 (K00-K92)","울산광역시","남자",143,24.3,21.4
"소화계통의 질환 (K00-K92)","울산광역시","여자",102,18.3,10.4
"소화계통의 질환 (K00-K92)","세종특별자치시","계",38,11.6,8.7
"소화계통의 질환 (K00-K92)","세종특별자치시","남자",20,12.3,10.9
"소화계통의 질환 (K00-K92)","세종특별자치시","여자",18,11.0,6.4
"소화계통의 질환 (K00-K92)","경기도","계",2411,18.5,12.3
"소화계통의 질환 (K00-K92)","경기도","남자",1527,23.3,17.7
"소화계통의 질환 (K00-K92)","경기도","여자",884,13.6,7.1
"소화계통의 질환 (K00-K92)","강원도","계",506,33.1,17.7
"소화계통의 질환 (K00-K92)","강원도","남자",325,42.2,26.0
"소화계통의 질환 (K00-K92)","강원도","여자",181,23.8,9.6
"소화계통의 질환 (K00-K92)","충청북도","계",461,29.0,16.2
"소화계통의 질환 (K00-K92)","충청북도","남자",272,33.8,22.1
"소화계통의 질환 (K00-K92)","충청북도","여자",189,24.1,10.4
"소화계통의 질환 (K00-K92)","충청남도","계",537,25.4,13.7
"소화계통의 질환 (K00-K92)","충청남도","남자",318,29.6,18.6
"소화계통의 질환 (K00-K92)","충청남도","여자",219,21.1,8.8
"소화계통의 질환 (K00-K92)","전라북도","계",537,29.6,15.0
"소화계통의 질환 (K00-K92)","전라북도","남자",320,35.4,21.3
"소화계통의 질환 (K00-K92)","전라북도","여자",217,23.8,8.8
"소화계통의 질환 (K00-K92)","전라남도","계",735,39.4,17.3
"소화계통의 질환 (K00-K92)","전라남도","남자",411,44.0,24.7
"소화계통의 질환 (K00-K92)","전라남도","여자",324,34.9,9.6
"소화계통의 질환 (K00-K92)","경상북도","계",874,32.9,15.8
"소화계통의 질환 (K00-K92)","경상북도","남자",515,38.6,22.4
"소화계통의 질환 (K00-K92)","경상북도","여자",359,27.2,9.5
"소화계통의 질환 (K00-K92)","경상남도","계",968,28.9,15.6
"소화계통의 질환 (K00-K92)","경상남도","남자",563,33.4,22.2
"소화계통의 질환 (K00-K92)","경상남도","여자",405,24.3,9.4
"소화계통의 질환 (K00-K92)","제주도","계",198,29.8,18.5
"소화계통의 질환 (K00-K92)","제주도","남자",117,35.0,25.5
"소화계통의 질환 (K00-K92)","제주도","여자",81,24.6,10.6
"피부 및 피하조직의 질환 (L00-L98)","전국","계",617,1.2,0.5
"피부 및 피하조직의 질환 (L00-L98)","전국","남자",203,0.8,0.5
"피부 및 피하조직의 질환 (L00-L98)","전국","여자",414,1.6,0.5
"피부 및 피하조직의 질환 (L00-L98)","서울특별시","계",49,0.5,0.3
"피부 및 피하조직의 질환 (L00-L98)","서울특별시","남자",20,0.4,0.3
"피부 및 피하조직의 질환 (L00-L98)","서울특별시","여자",29,0.6,0.2
"피부 및 피하조직의 질환 (L00-L98)","부산광역시","계",55,1.6,0.7
"피부 및 피하조직의 질환 (L00-L98)","부산광역시","남자",19,1.1,0.7
"피부 및 피하조직의 질환 (L00-L98)","부산광역시","여자",36,2.1,0.7
"피부 및 피하조직의 질환 (L00-L98)","대구광역시","계",25,1.0,0.5
"피부 및 피하조직의 질환 (L00-L98)","대구광역시","남자",8,0.7,0.5
"피부 및 피하조직의 질환 (L00-L98)","대구광역시","여자",17,1.4,0.5
"피부 및 피하조직의 질환 (L00-L98)","인천광역시","계",29,1.0,0.6
"피부 및 피하조직의 질환 (L00-L98)","인천광역시","남자",15,1.0,0.7
"피부 및 피하조직의 질환 (L00-L98)","인천광역시","여자",14,1.0,0.5
"피부 및 피하조직의 질환 (L00-L98)","광주광역시","계",20,1.4,0.7
"피부 및 피하조직의 질환 (L00-L98)","광주광역시","남자",7,1.0,0.7
"피부 및 피하조직의 질환 (L00-L98)","광주광역시","여자",13,1.8,0.7
"피부 및 피하조직의 질환 (L00-L98)","대전광역시","계",15,1.0,0.5
"피부 및 피하조직의 질환 (L00-L98)","대전광역시","남자",3,0.4,0.3
"피부 및 피하조직의 질환 (L00-L98)","대전광역시","여자",12,1.6,0.7
"피부 및 피하조직의 질환 (L00-L98)","울산광역시","계",12,1.0,0.7
"피부 및 피하조직의 질환 (L00-L98)","울산광역시","남자",3,0.5,0.5
"피부 및 피하조직의 질환 (L00-L98)","울산광역시","여자",9,1.6,0.8
"피부 및 피하조직의 질환 (L00-L98)","세종특별자치시","계",1,0.3,0.2
"피부 및 피하조직의 질환 (L00-L98)","세종특별자치시","남자",0,-,-
"피부 및 피하조직의 질환 (L00-L98)","세종특별자치시","여자",1,0.6,0.2
"피부 및 피하조직의 질환 (L00-L98)","경기도","계",82,0.6,0.4
"피부 및 피하조직의 질환 (L00-L98)","경기도","남자",28,0.4,0.3
"피부 및 피하조직의 질환 (L00-L98)","경기도","여자",54,0.8,0.4
"피부 및 피하조직의 질환 (L00-L98)","강원도","계",39,2.6,0.9
"피부 및 피하조직의 질환 (L00-L98)","강원도","남자",15,1.9,0.9
"피부 및 피하조직의 질환 (L00-L98)","강원도","여자",24,3.2,0.9
"피부 및 피하조직의 질환 (L00-L98)","충청북도","계",24,1.5,0.5
"피부 및 피하조직의 질환 (L00-L98)","충청북도","남자",9,1.1,0.6
"피부 및 피하조직의 질환 (L00-L98)","충청북도","여자",15,1.9,0.4
"피부 및 피하조직의 질환 (L00-L98)","충청남도","계",40,1.9,0.7
"피부 및 피하조직의 질환 (L00-L98)","충청남도","남자",14,1.3,0.7
"피부 및 피하조직의 질환 (L00-L98)","충청남도","여자",26,2.5,0.6
"피부 및 피하조직의 질환 (L00-L98)","전라북도","계",32,1.8,0.5
"피부 및 피하조직의 질환 (L00-L98)","전라북도","남자",10,1.1,0.5
"피부 및 피하조직의 질환 (L00-L98)","전라북도","여자",22,2.4,0.6
"피부 및 피하조직의 질환 (L00-L98)","전라남도","계",86,4.6,1.3
"피부 및 피하조직의 질환 (L00-L98)","전라남도","남자",20,2.1,1.0
"피부 및 피하조직의 질환 (L00-L98)","전라남도","여자",66,7.1,1.4
"피부 및 피하조직의 질환 (L00-L98)","경상북도","계",48,1.8,0.6
"피부 및 피하조직의 질환 (L00-L98)","경상북도","남자",15,1.1,0.6
"피부 및 피하조직의 질환 (L00-L98)","경상북도","여자",33,2.5,0.6
"피부 및 피하조직의 질환 (L00-L98)","경상남도","계",51,1.5,0.6
"피부 및 피하조직의 질환 (L00-L98)","경상남도","남자",13,0.8,0.5
"피부 및 피하조직의 질환 (L00-L98)","경상남도","여자",38,2.3,0.7
"피부 및 피하조직의 질환 (L00-L98)","제주도","계",9,1.4,0.6
"피부 및 피하조직의 질환 (L00-L98)","제주도","남자",4,1.2,0.8
"피부 및 피하조직의 질환 (L00-L98)","제주도","여자",5,1.5,0.5
"근골격계통 및 결합 조직의 질환 (M00-M99)","전국","계",1366,2.7,1.4
"근골격계통 및 결합 조직의 질환 (M00-M99)","전국","남자",497,1.9,1.3
"근골격계통 및 결합 조직의 질환 (M00-M99)","전국","여자",869,3.4,1.5
"근골격계통 및 결합 조직의 질환 (M00-M99)","서울특별시","계",258,2.7,1.5
"근골격계통 및 결합 조직의 질환 (M00-M99)","서울특별시","남자",80,1.7,1.2
"근골격계통 및 결합 조직의 질환 (M00-M99)","서울특별시","여자",178,3.6,1.7
"근골격계통 및 결합 조직의 질환 (M00-M99)","부산광역시","계",136,4.0,2.1
"근골격계통 및 결합 조직의 질환 (M00-M99)","부산광역시","남자",48,2.9,1.9
"근골격계통 및 결합 조직의 질환 (M00-M99)","부산광역시","여자",88,5.1,2.2
"근골격계통 및 결합 조직의 질환 (M00-M99)","대구광역시","계",53,2.2,1.2
"근골격계통 및 결합 조직의 질환 (M00-M99)","대구광역시","남자",20,1.7,1.1
"근골격계통 및 결합 조직의 질환 (M00-M99)","대구광역시","여자",33,2.7,1.4
"근골격계통 및 결합 조직의 질환 (M00-M99)","인천광역시","계",64,2.2,1.3
"근골격계통 및 결합 조직의 질환 (M00-M99)","인천광역시","남자",20,1.4,1.0
"근골격계통 및 결합 조직의 질환 (M00-M99)","인천광역시","여자",44,3.0,1.5
"근골격계통 및 결합 조직의 질환 (M00-M99)","광주광역시","계",22,1.5,1.0
"근골격계통 및 결합 조직의 질환 (M00-M99)","광주광역시","남자",9,1.3,0.9
"근골격계통 및 결합 조직의 질환 (M00-M99)","광주광역시","여자",13,1.8,1.1
"근골격계통 및 결합 조직의 질환 (M00-M99)","대전광역시","계",13,0.9,0.5
"근골격계통 및 결합 조직의 질환 (M00-M99)","대전광역시","남자",6,0.8,0.5
"근골격계통 및 결합 조직의 질환 (M00-M99)","대전광역시","여자",7,0.9,0.4
"근골격계통 및 결합 조직의 질환 (M00-M99)","울산광역시","계",33,2.9,2.2
"근골격계통 및 결합 조직의 질환 (M00-M99)","울산광역시","남자",12,2.0,2.1
"근골격계통 및 결합 조직의 질환 (M00-M99)","울산광역시","여자",21,3.8,2.5
"근골격계통 및 결합 조직의 질환 (M00-M99)","세종특별자치시","계",8,2.5,1.8
"근골격계통 및 결합 조직의 질환 (M00-M99)","세종특별자치시","남자",3,1.8,2.0
"근골격계통 및 결합 조직의 질환 (M00-M99)","세종특별자치시","여자",5,3.1,2.0
"근골격계통 및 결합 조직의 질환 (M00-M99)","경기도","계",268,2.1,1.3
"근골격계통 및 결합 조직의 질환 (M00-M99)","경기도","남자",113,1.7,1.4
"근골격계통 및 결합 조직의 질환 (M00-M99)","경기도","여자",155,2.4,1.3
"근골격계통 및 결합 조직의 질환 (M00-M99)","강원도","계",49,3.2,1.2
"근골격계통 및 결합 조직의 질환 (M00-M99)","강원도","남자",20,2.6,1.3
"근골격계통 및 결합 조직의 질환 (M00-M99)","강원도","여자",29,3.8,1.1
"근골격계통 및 결합 조직의 질환 (M00-M99)","충청북도","계",45,2.8,1.2
"근골격계통 및 결합 조직의 질환 (M00-M99)","충청북도","남자",15,1.9,1.1
"근골격계통 및 결합 조직의 질환 (M00-M99)","충청북도","여자",30,3.8,1.3
"근골격계통 및 결합 조직의 질환 (M00-M99)","충청남도","계",64,3.0,1.4
"근골격계통 및 결합 조직의 질환 (M00-M99)","충청남도","남자",24,2.2,1.3
"근골격계통 및 결합 조직의 질환 (M00-M99)","충청남도","여자",40,3.9,1.6
"근골격계통 및 결합 조직의 질환 (M00-M99)","전라북도","계",42,2.3,0.9
"근골격계통 및 결합 조직의 질환 (M00-M99)","전라북도","남자",16,1.8,0.9
"근골격계통 및 결합 조직의 질환 (M00-M99)","전라북도","여자",26,2.8,0.8
"근골격계통 및 결합 조직의 질환 (M00-M99)","전라남도","계",91,4.9,1.6
"근골격계통 및 결합 조직의 질환 (M00-M99)","전라남도","남자",39,4.2,1.8
"근골격계통 및 결합 조직의 질환 (M00-M99)","전라남도","여자",52,5.6,1.4
"근골격계통 및 결합 조직의 질환 (M00-M99)","경상북도","계",100,3.8,1.4
"근골격계통 및 결합 조직의 질환 (M00-M99)","경상북도","남자",33,2.5,1.2
"근골격계통 및 결합 조직의 질환 (M00-M99)","경상북도","여자",67,5.1,1.6
"근골격계통 및 결합 조직의 질환 (M00-M99)","경상남도","계",104,3.1,1.4
"근골격계통 및 결합 조직의 질환 (M00-M99)","경상남도","남자",35,2.1,1.3
"근골격계통 및 결합 조직의 질환 (M00-M99)","경상남도","여자",69,4.1,1.5
"근골격계통 및 결합 조직의 질환 (M00-M99)","제주도","계",16,2.4,1.1
"근골격계통 및 결합 조직의 질환 (M00-M99)","제주도","남자",4,1.2,0.7
"근골격계통 및 결합 조직의 질환 (M00-M99)","제주도","여자",12,3.6,1.2
"비뇨생식계통의 질환 (N00-N98)","전국","계",8565,16.7,7.8
"비뇨생식계통의 질환 (N00-N98)","전국","남자",3712,14.5,9.2
"비뇨생식계통의 질환 (N00-N98)","전국","여자",4853,18.9,6.8
"비뇨생식계통의 질환 (N00-N98)","서울특별시","계",1183,12.3,6.4
"비뇨생식계통의 질환 (N00-N98)","서울특별시","남자",557,11.9,7.7
"비뇨생식계통의 질환 (N00-N98)","서울특별시","여자",626,12.8,5.3
"비뇨생식계통의 질환 (N00-N98)","부산광역시","계",658,19.4,8.6
"비뇨생식계통의 질환 (N00-N98)","부산광역시","남자",295,17.7,10.6
"비뇨생식계통의 질환 (N00-N98)","부산광역시","여자",363,21.0,7.3
"비뇨생식계통의 질환 (N00-N98)","대구광역시","계",377,15.5,7.8
"비뇨생식계통의 질환 (N00-N98)","대구광역시","남자",168,14.0,9.3
"비뇨생식계통의 질환 (N00-N98)","대구광역시","여자",209,17.0,6.8
"비뇨생식계통의 질환 (N00-N98)","인천광역시","계",475,16.2,9.2
"비뇨생식계통의 질환 (N00-N98)","인천광역시","남자",204,13.9,10.4
"비뇨생식계통의 질환 (N00-N98)","인천광역시","여자",271,18.5,8.3
"비뇨생식계통의 질환 (N00-N98)","광주광역시","계",205,14.1,7.5
"비뇨생식계통의 질환 (N00-N98)","광주광역시","남자",75,10.5,7.8
"비뇨생식계통의 질환 (N00-N98)","광주광역시","여자",130,17.8,7.3
"비뇨생식계통의 질환 (N00-N98)","대전광역시","계",216,14.7,8.2
"비뇨생식계통의 질환 (N00-N98)","대전광역시","남자",90,12.3,9.0
"비뇨생식계통의 질환 (N00-N98)","대전광역시","여자",126,17.1,7.5
"비뇨생식계통의 질환 (N00-N98)","울산광역시","계",138,12.0,8.4
"비뇨생식계통의 질환 (N00-N98)","울산광역시","남자",61,10.4,9.7
"비뇨생식계통의 질환 (N00-N98)","울산광역시","여자",77,13.8,7.5
"비뇨생식계통의 질환 (N00-N98)","세종특별자치시","계",30,9.2,7.1
"비뇨생식계통의 질환 (N00-N98)","세종특별자치시","남자",13,8.0,7.7
"비뇨생식계통의 질환 (N00-N98)","세종특별자치시","여자",17,10.4,6.8
"비뇨생식계통의 질환 (N00-N98)","경기도","계",1668,12.8,7.4
"비뇨생식계통의 질환 (N00-N98)","경기도","남자",757,11.5,8.8
"비뇨생식계통의 질환 (N00-N98)","경기도","여자",911,14.0,6.4
"비뇨생식계통의 질환 (N00-N98)","강원도","계",424,27.7,9.6
"비뇨생식계통의 질환 (N00-N98)","강원도","남자",177,23.0,11.2
"비뇨생식계통의 질환 (N00-N98)","강원도","여자",247,32.5,8.5
"비뇨생식계통의 질환 (N00-N98)","충청북도","계",332,20.9,8.3
"비뇨생식계통의 질환 (N00-N98)","충청북도","남자",122,15.2,8.5
"비뇨생식계통의 질환 (N00-N98)","충청북도","여자",210,26.7,8.0
"비뇨생식계통의 질환 (N00-N98)","충청남도","계",498,23.6,8.6
"비뇨생식계통의 질환 (N00-N98)","충청남도","남자",215,20.0,10.1
"비뇨생식계통의 질환 (N00-N98)","충청남도","여자",283,27.3,7.5
"비뇨생식계통의 질환 (N00-N98)","전라북도","계",448,24.7,8.6
"비뇨생식계통의 질환 (N00-N98)","전라북도","남자",180,19.9,9.7
"비뇨생식계통의 질환 (N00-N98)","전라북도","여자",268,29.4,7.9
"비뇨생식계통의 질환 (N00-N98)","전라남도","계",554,29.7,8.3
"비뇨생식계통의 질환 (N00-N98)","전라남도","남자",232,24.8,10.7
"비뇨생식계통의 질환 (N00-N98)","전라남도","여자",322,34.7,6.7
"비뇨생식계통의 질환 (N00-N98)","경상북도","계",593,22.3,7.6
"비뇨생식계통의 질환 (N00-N98)","경상북도","남자",252,18.9,9.3
"비뇨생식계통의 질환 (N00-N98)","경상북도","여자",341,25.9,6.1
"비뇨생식계통의 질환 (N00-N98)","경상남도","계",613,18.3,8.0
"비뇨생식계통의 질환 (N00-N98)","경상남도","남자",244,14.5,9.3
"비뇨생식계통의 질환 (N00-N98)","경상남도","여자",369,22.2,7.1
"비뇨생식계통의 질환 (N00-N98)","제주도","계",153,23.1,10.4
"비뇨생식계통의 질환 (N00-N98)","제주도","남자",70,21.0,14.1
"비뇨생식계통의 질환 (N00-N98)","제주도","여자",83,25.2,7.4
"임신, 출산 및 산후기 (O00-O99)","전국","계",36,0.1,0.1
"임신, 출산 및 산후기 (O00-O99)","전국","남자",0,-,-
"임신, 출산 및 산후기 (O00-O99)","전국","여자",36,0.1,0.2
"임신, 출산 및 산후기 (O00-O99)","서울특별시","계",3,0.0,0.0
"임신, 출산 및 산후기 (O00-O99)","서울특별시","남자",0,-,-
"임신, 출산 및 산후기 (O00-O99)","서울특별시","여자",3,0.1,0.1
"임신, 출산 및 산후기 (O00-O99)","부산광역시","계",1,0.0,0.0
"임신, 출산 및 산후기 (O00-O99)","부산광역시","남자",0,-,-
"임신, 출산 및 산후기 (O00-O99)","부산광역시","여자",1,0.1,0.1
"임신, 출산 및 산후기 (O00-O99)","대구광역시","계",3,0.1,0.2
"임신, 출산 및 산후기 (O00-O99)","대구광역시","남자",0,-,-
"임신, 출산 및 산후기 (O00-O99)","대구광역시","여자",3,0.2,0.3
"임신, 출산 및 산후기 (O00-O99)","인천광역시","계",1,0.0,0.0
"임신, 출산 및 산후기 (O00-O99)","인천광역시","남자",0,-,-
"임신, 출산 및 산후기 (O00-O99)","인천광역시","여자",1,0.1,0.1
"임신, 출산 및 산후기 (O00-O99)","광주광역시","계",1,0.1,0.1
"임신, 출산 및 산후기 (O00-O99)","광주광역시","남자",0,-,-
"임신, 출산 및 산후기 (O00-O99)","광주광역시","여자",1,0.1,0.2
"임신, 출산 및 산후기 (O00-O99)","대전광역시","계",2,0.1,0.2
"임신, 출산 및 산후기 (O00-O99)","대전광역시","남자",0,-,-
"임신, 출산 및 산후기 (O00-O99)","대전광역시","여자",2,0.3,0.4
"임신, 출산 및 산후기 (O00-O99)","울산광역시","계",2,0.2,0.2
"임신, 출산 및 산후기 (O00-O99)","울산광역시","남자",0,-,-
"임신, 출산 및 산후기 (O00-O99)","울산광역시","여자",2,0.4,0.4
"임신, 출산 및 산후기 (O00-O99)","세종특별자치시","계",0,-,-
"임신, 출산 및 산후기 (O00-O99)","세종특별자치시","남자",0,-,-
"임신, 출산 및 산후기 (O00-O99)","세종특별자치시","여자",0,-,-
"임신, 출산 및 산후기 (O00-O99)","경기도","계",9,0.1,0.1
"임신, 출산 및 산후기 (O00-O99)","경기도","남자",0,-,-
"임신, 출산 및 산후기 (O00-O99)","경기도","여자",9,0.1,0.2
"임신, 출산 및 산후기 (O00-O99)","강원도","계",2,0.1,0.2
"임신, 출산 및 산후기 (O00-O99)","강원도","남자",0,-,-
"임신, 출산 및 산후기 (O00-O99)","강원도","여자",2,0.3,0.4
"임신, 출산 및 산후기 (O00-O99)","충청북도","계",1,0.1,0.1
"임신, 출산 및 산후기 (O00-O99)","충청북도","남자",0,-,-
"임신, 출산 및 산후기 (O00-O99)","충청북도","여자",1,0.1,0.2
"임신, 출산 및 산후기 (O00-O99)","충청남도","계",1,0.0,0.1
"임신, 출산 및 산후기 (O00-O99)","충청남도","남자",0,-,-
"임신, 출산 및 산후기 (O00-O99)","충청남도","여자",1,0.1,0.2
"임신, 출산 및 산후기 (O00-O99)","전라북도","계",2,0.1,0.2
"임신, 출산 및 산후기 (O00-O99)","전라북도","남자",0,-,-
"임신, 출산 및 산후기 (O00-O99)","전라북도","여자",2,0.2,0.3
"임신, 출산 및 산후기 (O00-O99)","전라남도","계",1,0.1,0.1
"임신, 출산 및 산후기 (O00-O99)","전라남도","남자",0,-,-
"임신, 출산 및 산후기 (O00-O99)","전라남도","여자",1,0.1,0.2
"임신, 출산 및 산후기 (O00-O99)","경상북도","계",2,0.1,0.1
"임신, 출산 및 산후기 (O00-O99)","경상북도","남자",0,-,-
"임신, 출산 및 산후기 (O00-O99)","경상북도","여자",2,0.2,0.3
"임신, 출산 및 산후기 (O00-O99)","경상남도","계",4,0.1,0.2
"임신, 출산 및 산후기 (O00-O99)","경상남도","남자",0,-,-
"임신, 출산 및 산후기 (O00-O99)","경상남도","여자",4,0.2,0.4
"임신, 출산 및 산후기 (O00-O99)","제주도","계",1,0.2,0.2
"임신, 출산 및 산후기 (O00-O99)","제주도","남자",0,-,-
"임신, 출산 및 산후기 (O00-O99)","제주도","여자",1,0.3,0.4
"출생전후기에 기원한 특정병태 (P00-P96)","전국","계",424,0.8,1.2
"출생전후기에 기원한 특정병태 (P00-P96)","전국","남자",234,0.9,1.3
"출생전후기에 기원한 특정병태 (P00-P96)","전국","여자",190,0.7,1.1
"출생전후기에 기원한 특정병태 (P00-P96)","서울특별시","계",72,0.8,1.2
"출생전후기에 기원한 특정병태 (P00-P96)","서울특별시","남자",39,0.8,1.3
"출생전후기에 기원한 특정병태 (P00-P96)","서울특별시","여자",33,0.7,1.2
"출생전후기에 기원한 특정병태 (P00-P96)","부산광역시","계",25,0.7,1.3
"출생전후기에 기원한 특정병태 (P00-P96)","부산광역시","남자",10,0.6,1.0
"출생전후기에 기원한 특정병태 (P00-P96)","부산광역시","여자",15,0.9,1.6
"출생전후기에 기원한 특정병태 (P00-P96)","대구광역시","계",30,1.2,2.0
"출생전후기에 기원한 특정병태 (P00-P96)","대구광역시","남자",21,1.7,2.7
"출생전후기에 기원한 특정병태 (P00-P96)","대구광역시","여자",9,0.7,1.2
"출생전후기에 기원한 특정병태 (P00-P96)","인천광역시","계",25,0.9,1.2
"출생전후기에 기원한 특정병태 (P00-P96)","인천광역시","남자",16,1.1,1.5
"출생전후기에 기원한 특정병태 (P00-P96)","인천광역시","여자",9,0.6,0.9
"출생전후기에 기원한 특정병태 (P00-P96)","광주광역시","계",5,0.3,0.5
"출생전후기에 기원한 특정병태 (P00-P96)","광주광역시","남자",2,0.3,0.4
"출생전후기에 기원한 특정병태 (P00-P96)","광주광역시","여자",3,0.4,0.6
"출생전후기에 기원한 특정병태 (P00-P96)","대전광역시","계",13,0.9,1.3
"출생전후기에 기원한 특정병태 (P00-P96)","대전광역시","남자",8,1.1,1.6
"출생전후기에 기원한 특정병태 (P00-P96)","대전광역시","여자",5,0.7,1.0
"출생전후기에 기원한 특정병태 (P00-P96)","울산광역시","계",12,1.0,1.4
"출생전후기에 기원한 특정병태 (P00-P96)","울산광역시","남자",7,1.2,1.6
"출생전후기에 기원한 특정병태 (P00-P96)","울산광역시","여자",5,0.9,1.2
"출생전후기에 기원한 특정병태 (P00-P96)","세종특별자치시","계",8,2.5,2.0
"출생전후기에 기원한 특정병태 (P00-P96)","세종특별자치시","남자",4,2.5,1.9
"출생전후기에 기원한 특정병태 (P00-P96)","세종특별자치시","여자",4,2.4,2.0
"출생전후기에 기원한 특정병태 (P00-P96)","경기도","계",111,0.9,1.2
"출생전후기에 기원한 특정병태 (P00-P96)","경기도","남자",63,1.0,1.3
"출생전후기에 기원한 특정병태 (P00-P96)","경기도","여자",48,0.7,1.0
"출생전후기에 기원한 특정병태 (P00-P96)","강원도","계",11,0.7,1.2
"출생전후기에 기원한 특정병태 (P00-P96)","강원도","남자",6,0.8,1.3
"출생전후기에 기원한 특정병태 (P00-P96)","강원도","여자",5,0.7,1.1
"출생전후기에 기원한 특정병태 (P00-P96)","충청북도","계",10,0.6,0.9
"출생전후기에 기원한 특정병태 (P00-P96)","충청북도","남자",8,1.0,1.4
"출생전후기에 기원한 특정병태 (P00-P96)","충청북도","여자",2,0.3,0.4
"출생전후기에 기원한 특정병태 (P00-P96)","충청남도","계",20,0.9,1.3
"출생전후기에 기원한 특정병태 (P00-P96)","충청남도","남자",9,0.8,1.2
"출생전후기에 기원한 특정병태 (P00-P96)","충청남도","여자",11,1.1,1.5
"출생전후기에 기원한 특정병태 (P00-P96)","전라북도","계",19,1.0,1.8
"출생전후기에 기원한 특정병태 (P00-P96)","전라북도","남자",8,0.9,1.5
"출생전후기에 기원한 특정병태 (P00-P96)","전라북도","여자",11,1.2,2.2
"출생전후기에 기원한 특정병태 (P00-P96)","전라남도","계",6,0.3,0.5
"출생전후기에 기원한 특정병태 (P00-P96)","전라남도","남자",2,0.2,0.3
"출생전후기에 기원한 특정병태 (P00-P96)","전라남도","여자",4,0.4,0.7
"출생전후기에 기원한 특정병태 (P00-P96)","경상북도","계",29,1.1,1.7
"출생전후기에 기원한 특정병태 (P00-P96)","경상북도","남자",17,1.3,2.0
"출생전후기에 기원한 특정병태 (P00-P96)","경상북도","여자",12,0.9,1.5
"출생전후기에 기원한 특정병태 (P00-P96)","경상남도","계",25,0.7,1.1
"출생전후기에 기원한 특정병태 (P00-P96)","경상남도","남자",12,0.7,1.1
"출생전후기에 기원한 특정병태 (P00-P96)","경상남도","여자",13,0.8,1.2
"출생전후기에 기원한 특정병태 (P00-P96)","제주도","계",3,0.5,0.6
"출생전후기에 기원한 특정병태 (P00-P96)","제주도","남자",2,0.6,0.8
"출생전후기에 기원한 특정병태 (P00-P96)","제주도","여자",1,0.3,0.4
"선천 기형, 변형 및 염색체 이상 (Q00-Q99)","전국","계",321,0.6,0.7
"선천 기형, 변형 및 염색체 이상 (Q00-Q99)","전국","남자",163,0.6,0.8
"선천 기형, 변형 및 염색체 이상 (Q00-Q99)","전국","여자",158,0.6,0.7
"선천 기형, 변형 및 염색체 이상 (Q00-Q99)","서울특별시","계",51,0.5,0.6
"선천 기형, 변형 및 염색체 이상 (Q00-Q99)","서울특별시","남자",26,0.6,0.7
"선천 기형, 변형 및 염색체 이상 (Q00-Q99)","서울특별시","여자",25,0.5,0.6
"선천 기형, 변형 및 염색체 이상 (Q00-Q99)","부산광역시","계",23,0.7,0.8
"선천 기형, 변형 및 염색체 이상 (Q00-Q99)","부산광역시","남자",13,0.8,0.9
"선천 기형, 변형 및 염색체 이상 (Q00-Q99)","부산광역시","여자",10,0.6,0.6
"선천 기형, 변형 및 염색체 이상 (Q00-Q99)","대구광역시","계",11,0.5,0.6
"선천 기형, 변형 및 염색체 이상 (Q00-Q99)","대구광역시","남자",5,0.4,0.6
"선천 기형, 변형 및 염색체 이상 (Q00-Q99)","대구광역시","여자",6,0.5,0.6
"선천 기형, 변형 및 염색체 이상 (Q00-Q99)","인천광역시","계",20,0.7,0.8
"선천 기형, 변형 및 염색체 이상 (Q00-Q99)","인천광역시","남자",9,0.6,0.8
"선천 기형, 변형 및 염색체 이상 (Q00-Q99)","인천광역시","여자",11,0.8,0.9
"선천 기형, 변형 및 염색체 이상 (Q00-Q99)","광주광역시","계",9,0.6,0.8
"선천 기형, 변형 및 염색체 이상 (Q00-Q99)","광주광역시","남자",5,0.7,0.8
"선천 기형, 변형 및 염색체 이상 (Q00-Q99)","광주광역시","여자",4,0.5,0.7
"선천 기형, 변형 및 염색체 이상 (Q00-Q99)","대전광역시","계",10,0.7,0.8
"선천 기형, 변형 및 염색체 이상 (Q00-Q99)","대전광역시","남자",6,0.8,0.9
"선천 기형, 변형 및 염색체 이상 (Q00-Q99)","대전광역시","여자",4,0.5,0.6
"선천 기형, 변형 및 염색체 이상 (Q00-Q99)","울산광역시","계",9,0.8,0.8
"선천 기형, 변형 및 염색체 이상 (Q00-Q99)","울산광역시","남자",4,0.7,0.7
"선천 기형, 변형 및 염색체 이상 (Q00-Q99)","울산광역시","여자",5,0.9,0.9
"선천 기형, 변형 및 염색체 이상 (Q00-Q99)","세종특별자치시","계",2,0.6,0.5
"선천 기형, 변형 및 염색체 이상 (Q00-Q99)","세종특별자치시","남자",0,-,-
"선천 기형, 변형 및 염색체 이상 (Q00-Q99)","세종특별자치시","여자",2,1.2,1.0
"선천 기형, 변형 및 염색체 이상 (Q00-Q99)","경기도","계",77,0.6,0.7
"선천 기형, 변형 및 염색체 이상 (Q00-Q99)","경기도","남자",46,0.7,0.8
"선천 기형, 변형 및 염색체 이상 (Q00-Q99)","경기도","여자",31,0.5,0.5
"선천 기형, 변형 및 염색체 이상 (Q00-Q99)","강원도","계",12,0.8,1.2
"선천 기형, 변형 및 염색체 이상 (Q00-Q99)","강원도","남자",6,0.8,1.3
"선천 기형, 변형 및 염색체 이상 (Q00-Q99)","강원도","여자",6,0.8,1.2
"선천 기형, 변형 및 염색체 이상 (Q00-Q99)","충청북도","계",9,0.6,0.6
"선천 기형, 변형 및 염색체 이상 (Q00-Q99)","충청북도","남자",4,0.5,0.6
"선천 기형, 변형 및 염색체 이상 (Q00-Q99)","충청북도","여자",5,0.6,0.7
"선천 기형, 변형 및 염색체 이상 (Q00-Q99)","충청남도","계",17,0.8,1.0
"선천 기형, 변형 및 염색체 이상 (Q00-Q99)","충청남도","남자",6,0.6,0.6
"선천 기형, 변형 및 염색체 이상 (Q00-Q99)","충청남도","여자",11,1.1,1.3
"선천 기형, 변형 및 염색체 이상 (Q00-Q99)","전라북도","계",6,0.3,0.5
"선천 기형, 변형 및 염색체 이상 (Q00-Q99)","전라북도","남자",4,0.4,0.6
"선천 기형, 변형 및 염색체 이상 (Q00-Q99)","전라북도","여자",2,0.2,0.4
"선천 기형, 변형 및 염색체 이상 (Q00-Q99)","전라남도","계",10,0.5,0.6
"선천 기형, 변형 및 염색체 이상 (Q00-Q99)","전라남도","남자",3,0.3,0.3
"선천 기형, 변형 및 염색체 이상 (Q00-Q99)","전라남도","여자",7,0.8,0.9
"선천 기형, 변형 및 염색체 이상 (Q00-Q99)","경상북도","계",26,1.0,1.2
"선천 기형, 변형 및 염색체 이상 (Q00-Q99)","경상북도","남자",12,0.9,1.0
"선천 기형, 변형 및 염색체 이상 (Q00-Q99)","경상북도","여자",14,1.1,1.3
"선천 기형, 변형 및 염색체 이상 (Q00-Q99)","경상남도","계",27,0.8,1.0
"선천 기형, 변형 및 염색체 이상 (Q00-Q99)","경상남도","남자",13,0.8,0.9
"선천 기형, 변형 및 염색체 이상 (Q00-Q99)","경상남도","여자",14,0.8,1.1
"선천 기형, 변형 및 염색체 이상 (Q00-Q99)","제주도","계",2,0.3,0.4
"선천 기형, 변형 및 염색체 이상 (Q00-Q99)","제주도","남자",1,0.3,0.4
"선천 기형, 변형 및 염색체 이상 (Q00-Q99)","제주도","여자",1,0.3,0.4
"달리 분류되지 않은 증상, 징후 (R00-R99)","전국","계",28176,54.9,26.1
"달리 분류되지 않은 증상, 징후 (R00-R99)","전국","남자",12542,49.0,32.7
"달리 분류되지 않은 증상, 징후 (R00-R99)","전국","여자",15634,60.8,19.8
"달리 분류되지 않은 증상, 징후 (R00-R99)","서울특별시","계",4433,46.3,23.8
"달리 분류되지 않은 증상, 징후 (R00-R99)","서울특별시","남자",1901,40.7,27.9
"달리 분류되지 않은 증상, 징후 (R00-R99)","서울특별시","여자",2532,51.6,19.7
"달리 분류되지 않은 증상, 징후 (R00-R99)","부산광역시","계",1097,32.4,15.4
"달리 분류되지 않은 증상, 징후 (R00-R99)","부산광역시","남자",441,26.5,17.3
"달리 분류되지 않은 증상, 징후 (R00-R99)","부산광역시","여자",656,38.0,12.8
"달리 분류되지 않은 증상, 징후 (R00-R99)","대구광역시","계",1181,48.6,24.2
"달리 분류되지 않은 증상, 징후 (R00-R99)","대구광역시","남자",496,41.3,28.3
"달리 분류되지 않은 증상, 징후 (R00-R99)","대구광역시","여자",685,55.7,20.0
"달리 분류되지 않은 증상, 징후 (R00-R99)","인천광역시","계",1577,53.9,30.0
"달리 분류되지 않은 증상, 징후 (R00-R99)","인천광역시","남자",703,48.0,37.4
"달리 분류되지 않은 증상, 징후 (R00-R99)","인천광역시","여자",874,59.8,23.3
"달리 분류되지 않은 증상, 징후 (R00-R99)","광주광역시","계",718,49.6,29.9
"달리 분류되지 않은 증상, 징후 (R00-R99)","광주광역시","남자",394,55.0,41.6
"달리 분류되지 않은 증상, 징후 (R00-R99)","광주광역시","여자",324,44.3,20.0
"달리 분류되지 않은 증상, 징후 (R00-R99)","대전광역시","계",1111,75.5,41.6
"달리 분류되지 않은 증상, 징후 (R00-R99)","대전광역시","남자",542,73.8,55.1
"달리 분류되지 않은 증상, 징후 (R00-R99)","대전광역시","여자",569,77.2,29.6
"달리 분류되지 않은 증상, 징후 (R00-R99)","울산광역시","계",210,18.3,12.6
"달리 분류되지 않은 증상, 징후 (R00-R99)","울산광역시","남자",110,18.7,19.3
"달리 분류되지 않은 증상, 징후 (R00-R99)","울산광역시","여자",100,17.9,8.1
"달리 분류되지 않은 증상, 징후 (R00-R99)","세종특별자치시","계",106,32.5,21.7
"달리 분류되지 않은 증상, 징후 (R00-R99)","세종특별자치시","남자",42,25.8,25.3
"달리 분류되지 않은 증상, 징후 (R00-R99)","세종특별자치시","여자",64,39.2,16.9
"달리 분류되지 않은 증상, 징후 (R00-R99)","경기도","계",5935,45.5,25.4
"달리 분류되지 않은 증상, 징후 (R00-R99)","경기도","남자",2538,38.7,29.9
"달리 분류되지 않은 증상, 징후 (R00-R99)","경기도","여자",3397,52.4,20.6
"달리 분류되지 않은 증상, 징후 (R00-R99)","강원도","계",1151,75.3,29.4
"달리 분류되지 않은 증상, 징후 (R00-R99)","강원도","남자",562,73.1,40.5
"달리 분류되지 않은 증상, 징후 (R00-R99)","강원도","여자",589,77.6,18.9
"달리 분류되지 않은 증상, 징후 (R00-R99)","충청북도","계",1235,77.7,33.3
"달리 분류되지 않은 증상, 징후 (R00-R99)","충청북도","남자",554,68.9,41.4
"달리 분류되지 않은 증상, 징후 (R00-R99)","충청북도","여자",681,86.7,25.6
"달리 분류되지 않은 증상, 징후 (R00-R99)","충청남도","계",1923,91.1,34.4
"달리 분류되지 않은 증상, 징후 (R00-R99)","충청남도","남자",837,77.9,43.2
"달리 분류되지 않은 증상, 징후 (R00-R99)","충청남도","여자",1086,104.8,25.7
"달리 분류되지 않은 증상, 징후 (R00-R99)","전라북도","계",1702,93.7,33.1
"달리 분류되지 않은 증상, 징후 (R00-R99)","전라북도","남자",755,83.6,43.4
"달리 분류되지 않은 증상, 징후 (R00-R99)","전라북도","여자",947,103.7,23.9
"달리 분류되지 않은 증상, 징후 (R00-R99)","전라남도","계",1679,90.1,31.9
"달리 분류되지 않은 증상, 징후 (R00-R99)","전라남도","남자",824,88.2,45.6
"달리 분류되지 않은 증상, 징후 (R00-R99)","전라남도","여자",855,92.1,19.2
"달리 분류되지 않은 증상, 징후 (R00-R99)","경상북도","계",1988,74.9,27.9
"달리 분류되지 않은 증상, 징후 (R00-R99)","경상북도","남자",912,68.3,36.9
"달리 분류되지 않은 증상, 징후 (R00-R99)","경상북도","여자",1076,81.6,19.3
"달리 분류되지 않은 증상, 징후 (R00-R99)","경상남도","계",1681,50.2,21.8
"달리 분류되지 않은 증상, 징후 (R00-R99)","경상남도","남자",708,42.0,28.2
"달리 분류되지 않은 증상, 징후 (R00-R99)","경상남도","여자",973,58.5,16.6
"달리 분류되지 않은 증상, 징후 (R00-R99)","제주도","계",449,67.7,35.4
"달리 분류되지 않은 증상, 징후 (R00-R99)","제주도","남자",223,66.8,47.7
"달리 분류되지 않은 증상, 징후 (R00-R99)","제주도","여자",226,68.6,22.5
"질병이환 및 사망의 외인 (V01-Y89)","전국","계",27282,53.1,39.3
"질병이환 및 사망의 외인 (V01-Y89)","전국","남자",18896,73.8,57.7
"질병이환 및 사망의 외인 (V01-Y89)","전국","여자",8386,32.6,22.5
"질병이환 및 사망의 외인 (V01-Y89)","서울특별시","계",3889,40.6,30.7
"질병이환 및 사망의 외인 (V01-Y89)","서울특별시","남자",2617,56.0,43.9
"질병이환 및 사망의 외인 (V01-Y89)","서울특별시","여자",1272,25.9,19.2
"질병이환 및 사망의 외인 (V01-Y89)","부산광역시","계",1982,58.5,41.6
"질병이환 및 사망의 외인 (V01-Y89)","부산광역시","남자",1384,83.1,61.0
"질병이환 및 사망의 외인 (V01-Y89)","부산광역시","여자",598,34.7,24.4
"질병이환 및 사망의 외인 (V01-Y89)","대구광역시","계",1303,53.6,40.8
"질병이환 및 사망의 외인 (V01-Y89)","대구광역시","남자",896,74.5,59.5
"질병이환 및 사망의 외인 (V01-Y89)","대구광역시","여자",407,33.1,24.0
"질병이환 및 사망의 외인 (V01-Y89)","인천광역시","계",1439,49.2,39.4
"질병이환 및 사망의 외인 (V01-Y89)","인천광역시","남자",998,68.1,57.1
"질병이환 및 사망의 외인 (V01-Y89)","인천광역시","여자",441,30.2,23.0
"질병이환 및 사망의 외인 (V01-Y89)","광주광역시","계",698,48.2,38.8
"질병이환 및 사망의 외인 (V01-Y89)","광주광역시","남자",479,66.8,57.0
"질병이환 및 사망의 외인 (V01-Y89)","광주광역시","여자",219,29.9,22.5
"질병이환 및 사망의 외인 (V01-Y89)","대전광역시","계",721,49.0,39.6
"질병이환 및 사망의 외인 (V01-Y89)","대전광역시","남자",518,70.5,59.7
"질병이환 및 사망의 외인 (V01-Y89)","대전광역시","여자",203,27.5,21.5
"질병이환 및 사망의 외인 (V01-Y89)","울산광역시","계",563,49.1,41.1
"질병이환 및 사망의 외인 (V01-Y89)","울산광역시","남자",421,71.6,62.4
"질병이환 및 사망의 외인 (V01-Y89)","울산광역시","여자",142,25.5,20.8
"질병이환 및 사망의 외인 (V01-Y89)","세종특별자치시","계",128,39.2,35.8
"질병이환 및 사망의 외인 (V01-Y89)","세종특별자치시","남자",80,49.1,49.4
"질병이환 및 사망의 외인 (V01-Y89)","세종특별자치시","여자",48,29.4,24.4
"질병이환 및 사망의 외인 (V01-Y89)","경기도","계",5831,44.7,35.7
"질병이환 및 사망의 외인 (V01-Y89)","경기도","남자",3947,60.2,50.6
"질병이환 및 사망의 외인 (V01-Y89)","경기도","여자",1884,29.0,21.8
"질병이환 및 사망의 외인 (V01-Y89)","강원도","계",1145,74.9,49.1
"질병이환 및 사망의 외인 (V01-Y89)","강원도","남자",802,104.2,73.6
"질병이환 및 사망의 외인 (V01-Y89)","강원도","여자",343,45.2,25.5
"질병이환 및 사망의 외인 (V01-Y89)","충청북도","계",1027,64.6,44.2
"질병이환 및 사망의 외인 (V01-Y89)","충청북도","남자",731,90.9,66.6
"질병이환 및 사망의 외인 (V01-Y89)","충청북도","여자",296,37.7,22.7
"질병이환 및 사망의 외인 (V01-Y89)","충청남도","계",1600,75.8,52.3
"질병이환 및 사망의 외인 (V01-Y89)","충청남도","남자",1112,103.5,77.1
"질병이환 및 사망의 외인 (V01-Y89)","충청남도","여자",488,47.1,27.4
"질병이환 및 사망의 외인 (V01-Y89)","전라북도","계",1262,69.5,46.3
"질병이환 및 사망의 외인 (V01-Y89)","전라북도","남자",885,98.0,68.8
"질병이환 및 사망의 외인 (V01-Y89)","전라북도","여자",377,41.3,25.6
"질병이환 및 사망의 외인 (V01-Y89)","전라남도","계",1359,72.9,43.9
"질병이환 및 사망의 외인 (V01-Y89)","전라남도","남자",967,103.5,69.3
"질병이환 및 사망의 외인 (V01-Y89)","전라남도","여자",392,42.2,19.6
"질병이환 및 사망의 외인 (V01-Y89)","경상북도","계",1883,71.0,45.9
"질병이환 및 사망의 외인 (V01-Y89)","경상북도","남자",1306,97.8,68.0
"질병이환 및 사망의 외인 (V01-Y89)","경상북도","여자",577,43.8,25.4
"질병이환 및 사망의 외인 (V01-Y89)","경상남도","계",2038,60.9,45.3
"질병이환 및 사망의 외인 (V01-Y89)","경상남도","남자",1463,86.9,68.3
"질병이환 및 사망의 외인 (V01-Y89)","경상남도","여자",575,34.6,24.3
"질병이환 및 사망의 외인 (V01-Y89)","제주도","계",414,62.4,48.8
"질병이환 및 사망의 외인 (V01-Y89)","제주도","남자",290,86.9,71.8
"질병이환 및 사망의 외인 (V01-Y89)","제주도","여자",124,37.6,25.8
